"","DEPARTAMENTO","PROVINCIA","DISTRITO","deaths_distrito","deaths_provincia","deaths_departamento","distr_prov","prov_dpto","distr_dpto"
"1","AMAZONAS","BAGUA","ARAMANGO",10,109,326,9.2,33.4,3.1
"2","AMAZONAS","BAGUA","BAGUA",60,109,326,55,33.4,18.4
"3","AMAZONAS","BAGUA","COPALLIN",4,109,326,3.7,33.4,1.2
"4","AMAZONAS","BAGUA","IMAZA",24,109,326,22,33.4,7.4
"5","AMAZONAS","BAGUA","LA PECA",11,109,326,10.1,33.4,3.4
"6","AMAZONAS","BONGARA","CHURUJA",2,15,326,13.3,4.6,0.6
"7","AMAZONAS","BONGARA","JAZAN",9,15,326,60,4.6,2.8
"8","AMAZONAS","BONGARA","JUMBILLA",1,15,326,6.7,4.6,0.3
"9","AMAZONAS","BONGARA","SAN CARLOS",1,15,326,6.7,4.6,0.3
"10","AMAZONAS","BONGARA","VALERA",1,15,326,6.7,4.6,0.3
"11","AMAZONAS","BONGARA","YAMBRASBAMBA",1,15,326,6.7,4.6,0.3
"12","AMAZONAS","CHACHAPOYAS","BALSAS",1,44,326,2.3,13.5,0.3
"13","AMAZONAS","CHACHAPOYAS","CHACHAPOYAS",31,44,326,70.5,13.5,9.5
"14","AMAZONAS","CHACHAPOYAS","CHUQUIBAMBA",2,44,326,4.5,13.5,0.6
"15","AMAZONAS","CHACHAPOYAS","HUANCAS",1,44,326,2.3,13.5,0.3
"16","AMAZONAS","CHACHAPOYAS","LA JALCA",2,44,326,4.5,13.5,0.6
"17","AMAZONAS","CHACHAPOYAS","LEIMEBAMBA",1,44,326,2.3,13.5,0.3
"18","AMAZONAS","CHACHAPOYAS","MAGDALENA",1,44,326,2.3,13.5,0.3
"19","AMAZONAS","CHACHAPOYAS","MARISCAL CASTILLA",1,44,326,2.3,13.5,0.3
"20","AMAZONAS","CHACHAPOYAS","MONTEVIDEO",1,44,326,2.3,13.5,0.3
"21","AMAZONAS","CHACHAPOYAS","SOLOCO",3,44,326,6.8,13.5,0.9
"22","AMAZONAS","CONDORCANQUI","EL CENEPA",3,22,326,13.6,6.7,0.9
"23","AMAZONAS","CONDORCANQUI","NIEVA",13,22,326,59.1,6.7,4
"24","AMAZONAS","CONDORCANQUI","RIO SANTIAGO",6,22,326,27.3,6.7,1.8
"25","AMAZONAS","LUYA","CAMPOREDONDO",1,22,326,4.5,6.7,0.3
"26","AMAZONAS","LUYA","CAMPORREDONDO",1,22,326,4.5,6.7,0.3
"27","AMAZONAS","LUYA","COCABAMBA",1,22,326,4.5,6.7,0.3
"28","AMAZONAS","LUYA","LAMUD",4,22,326,18.2,6.7,1.2
"29","AMAZONAS","LUYA","LONYA CHICO",1,22,326,4.5,6.7,0.3
"30","AMAZONAS","LUYA","LUYA",5,22,326,22.7,6.7,1.5
"31","AMAZONAS","LUYA","PISUQUIA",2,22,326,9.1,6.7,0.6
"32","AMAZONAS","LUYA","SAN JERONIMO",1,22,326,4.5,6.7,0.3
"33","AMAZONAS","LUYA","SANTO TOMAS",1,22,326,4.5,6.7,0.3
"34","AMAZONAS","LUYA","TINGO",4,22,326,18.2,6.7,1.2
"35","AMAZONAS","LUYA","TRITA",1,22,326,4.5,6.7,0.3
"36","AMAZONAS","RODRIGUEZ DE MENDOZA","COCHAMAL",1,16,326,6.2,4.9,0.3
"37","AMAZONAS","RODRIGUEZ DE MENDOZA","HUAMBO",1,16,326,6.2,4.9,0.3
"38","AMAZONAS","RODRIGUEZ DE MENDOZA","LIMABAMBA",1,16,326,6.2,4.9,0.3
"39","AMAZONAS","RODRIGUEZ DE MENDOZA","LONGAR",1,16,326,6.2,4.9,0.3
"40","AMAZONAS","RODRIGUEZ DE MENDOZA","MARISCAL BENAVIDES",2,16,326,12.5,4.9,0.6
"41","AMAZONAS","RODRIGUEZ DE MENDOZA","OMIA",2,16,326,12.5,4.9,0.6
"42","AMAZONAS","RODRIGUEZ DE MENDOZA","SAN NICOLAS",8,16,326,50,4.9,2.5
"43","AMAZONAS","UTCUBAMBA","BAGUA GRANDE",81,98,326,82.7,30.1,24.8
"44","AMAZONAS","UTCUBAMBA","CAJARURO",12,98,326,12.2,30.1,3.7
"45","AMAZONAS","UTCUBAMBA","CUMBA",1,98,326,1,30.1,0.3
"46","AMAZONAS","UTCUBAMBA","EL MILAGRO",1,98,326,1,30.1,0.3
"47","AMAZONAS","UTCUBAMBA","JAMALCA",2,98,326,2,30.1,0.6
"48","AMAZONAS","UTCUBAMBA","YAMON",1,98,326,1,30.1,0.3
"49","ANCASH","","",35,144,1878,24.3,7.7,1.9
"50","ANCASH","","CARHUAZ",1,144,1878,0.7,7.7,0.1
"51","ANCASH","","CASMA",2,144,1878,1.4,7.7,0.1
"52","ANCASH","","CHIMBOTE",69,144,1878,47.9,7.7,3.7
"53","ANCASH","","COISHCO",3,144,1878,2.1,7.7,0.2
"54","ANCASH","","GUADALUPITO",1,144,1878,0.7,7.7,0.1
"55","ANCASH","","HUANTAR",1,144,1878,0.7,7.7,0.1
"56","ANCASH","","HUARAL",1,144,1878,0.7,7.7,0.1
"57","ANCASH","","HUARAZ",5,144,1878,3.5,7.7,0.3
"58","ANCASH","","LA UNION",1,144,1878,0.7,7.7,0.1
"59","ANCASH","","NEPE<d1>A",1,144,1878,0.7,7.7,0.1
"60","ANCASH","","NUEVO CHIMBOTE",17,144,1878,11.8,7.7,0.9
"61","ANCASH","","PARIAHUANCA",1,144,1878,0.7,7.7,0.1
"62","ANCASH","","RANRAHIRCA",1,144,1878,0.7,7.7,0.1
"63","ANCASH","","SANTA",4,144,1878,2.8,7.7,0.2
"64","ANCASH","","YAUTAN",1,144,1878,0.7,7.7,0.1
"65","ANCASH","AIJA","CORIS",1,6,1878,16.7,0.3,0.1
"66","ANCASH","AIJA","HUACLLAN",1,6,1878,16.7,0.3,0.1
"67","ANCASH","AIJA","LA MERCED",4,6,1878,66.7,0.3,0.2
"68","ANCASH","ASUNCION","ACOCHACA",1,2,1878,50,0.1,0.1
"69","ANCASH","ASUNCION","CHACAS",1,2,1878,50,0.1,0.1
"70","ANCASH","BOLOGNESI","AQUIA",1,19,1878,5.3,1,0.1
"71","ANCASH","BOLOGNESI","CAJACAY",1,19,1878,5.3,1,0.1
"72","ANCASH","BOLOGNESI","CHIQUIAN",8,19,1878,42.1,1,0.4
"73","ANCASH","BOLOGNESI","COLQUIOC",2,19,1878,10.5,1,0.1
"74","ANCASH","BOLOGNESI","HUALLANCA",2,19,1878,10.5,1,0.1
"75","ANCASH","BOLOGNESI","HUAYLLACAYAN",1,19,1878,5.3,1,0.1
"76","ANCASH","BOLOGNESI","LA PRIMAVERA",2,19,1878,10.5,1,0.1
"77","ANCASH","BOLOGNESI","MANGAS",1,19,1878,5.3,1,0.1
"78","ANCASH","BOLOGNESI","PACLLON",1,19,1878,5.3,1,0.1
"79","ANCASH","CARHUAZ","ACOPAMPA",1,24,1878,4.2,1.3,0.1
"80","ANCASH","CARHUAZ","ANTA",2,24,1878,8.3,1.3,0.1
"81","ANCASH","CARHUAZ","CARHUAZ",11,24,1878,45.8,1.3,0.6
"82","ANCASH","CARHUAZ","MARCARA",2,24,1878,8.3,1.3,0.1
"83","ANCASH","CARHUAZ","SAN MIGUEL DE ACO",1,24,1878,4.2,1.3,0.1
"84","ANCASH","CARHUAZ","SHILLA",1,24,1878,4.2,1.3,0.1
"85","ANCASH","CARHUAZ","TINCO",4,24,1878,16.7,1.3,0.2
"86","ANCASH","CARHUAZ","YUNGAR",2,24,1878,8.3,1.3,0.1
"87","ANCASH","CARLOS FERMIN FITZCARRALD","SAN NICOLAS",1,1,1878,100,0.1,0.1
"88","ANCASH","CASMA","BUENA VISTA ALTA",3,87,1878,3.4,4.6,0.2
"89","ANCASH","CASMA","CASMA",73,87,1878,83.9,4.6,3.9
"90","ANCASH","CASMA","COMANDANTE NOEL",3,87,1878,3.4,4.6,0.2
"91","ANCASH","CASMA","YAUTAN",8,87,1878,9.2,4.6,0.4
"92","ANCASH","CORONGO","CUSCA",1,3,1878,33.3,0.2,0.1
"93","ANCASH","CORONGO","YANAC",1,3,1878,33.3,0.2,0.1
"94","ANCASH","CORONGO","YUPAN",1,3,1878,33.3,0.2,0.1
"95","ANCASH","HUARAZ","COCHABAMBA",1,224,1878,0.4,11.9,0.1
"96","ANCASH","HUARAZ","COLCABAMBA",1,224,1878,0.4,11.9,0.1
"97","ANCASH","HUARAZ","HUANCHAY",1,224,1878,0.4,11.9,0.1
"98","ANCASH","HUARAZ","HUARAZ",130,224,1878,58,11.9,6.9
"99","ANCASH","HUARAZ","INDEPENDENCIA",67,224,1878,29.9,11.9,3.6
"100","ANCASH","HUARAZ","JANGAS",2,224,1878,0.9,11.9,0.1
"101","ANCASH","HUARAZ","OLLEROS",4,224,1878,1.8,11.9,0.2
"102","ANCASH","HUARAZ","PAMPAS GRANDE",1,224,1878,0.4,11.9,0.1
"103","ANCASH","HUARAZ","PARIACOTO",7,224,1878,3.1,11.9,0.4
"104","ANCASH","HUARAZ","PIRA",4,224,1878,1.8,11.9,0.2
"105","ANCASH","HUARAZ","TARICA",6,224,1878,2.7,11.9,0.3
"106","ANCASH","HUARI","ANRA",2,26,1878,7.7,1.4,0.1
"107","ANCASH","HUARI","CAJAY",1,26,1878,3.8,1.4,0.1
"108","ANCASH","HUARI","CHAVIN DE HUANTAR",5,26,1878,19.2,1.4,0.3
"109","ANCASH","HUARI","HUACCHIS",1,26,1878,3.8,1.4,0.1
"110","ANCASH","HUARI","HUACHIS",4,26,1878,15.4,1.4,0.2
"111","ANCASH","HUARI","HUARI",3,26,1878,11.5,1.4,0.2
"112","ANCASH","HUARI","MASIN",1,26,1878,3.8,1.4,0.1
"113","ANCASH","HUARI","PONTO",3,26,1878,11.5,1.4,0.2
"114","ANCASH","HUARI","SAN MARCOS",3,26,1878,11.5,1.4,0.2
"115","ANCASH","HUARI","SAN PEDRO DE CHANA",1,26,1878,3.8,1.4,0.1
"116","ANCASH","HUARI","UCO",2,26,1878,7.7,1.4,0.1
"117","ANCASH","HUARMEY","CULEBRAS",2,54,1878,3.7,2.9,0.1
"118","ANCASH","HUARMEY","HUARMEY",47,54,1878,87,2.9,2.5
"119","ANCASH","HUARMEY","HUAYAN",2,54,1878,3.7,2.9,0.1
"120","ANCASH","HUARMEY","MALVAS",3,54,1878,5.6,2.9,0.2
"121","ANCASH","HUAYLAS","CARAZ",26,43,1878,60.5,2.3,1.4
"122","ANCASH","HUAYLAS","HUALLANCA",2,43,1878,4.7,2.3,0.1
"123","ANCASH","HUAYLAS","HUATA",1,43,1878,2.3,2.3,0.1
"124","ANCASH","HUAYLAS","HUAYLAS",2,43,1878,4.7,2.3,0.1
"125","ANCASH","HUAYLAS","MATO",4,43,1878,9.3,2.3,0.2
"126","ANCASH","HUAYLAS","PAMPAROMAS",1,43,1878,2.3,2.3,0.1
"127","ANCASH","HUAYLAS","PUEBLO LIBRE",3,43,1878,7,2.3,0.2
"128","ANCASH","HUAYLAS","SANTA CRUZ",1,43,1878,2.3,2.3,0.1
"129","ANCASH","HUAYLAS","SANTO TORIBIO",1,43,1878,2.3,2.3,0.1
"130","ANCASH","HUAYLAS","YURACMARCA",2,43,1878,4.7,2.3,0.1
"131","ANCASH","MARISCAL LUZURIAGA","CASCA",1,3,1878,33.3,0.2,0.1
"132","ANCASH","MARISCAL LUZURIAGA","LLUMPA",1,3,1878,33.3,0.2,0.1
"133","ANCASH","MARISCAL LUZURIAGA","PISCOBAMBA",1,3,1878,33.3,0.2,0.1
"134","ANCASH","OCROS","ACAS",2,4,1878,50,0.2,0.1
"135","ANCASH","OCROS","LLIPA",1,4,1878,25,0.2,0.1
"136","ANCASH","OCROS","SAN CRISTOBAL DE RAJAN",1,4,1878,25,0.2,0.1
"137","ANCASH","PALLASCA","CABANA",1,9,1878,11.1,0.5,0.1
"138","ANCASH","PALLASCA","CONCHUCOS",1,9,1878,11.1,0.5,0.1
"139","ANCASH","PALLASCA","HUANDOVAL",1,9,1878,11.1,0.5,0.1
"140","ANCASH","PALLASCA","PAMPAS",3,9,1878,33.3,0.5,0.2
"141","ANCASH","PALLASCA","SANTA ROSA",1,9,1878,11.1,0.5,0.1
"142","ANCASH","PALLASCA","TAUCA",2,9,1878,22.2,0.5,0.1
"143","ANCASH","POMABAMBA","HUAYLLAN",1,8,1878,12.5,0.4,0.1
"144","ANCASH","POMABAMBA","PAROBAMBA",2,8,1878,25,0.4,0.1
"145","ANCASH","POMABAMBA","POMABAMBA",5,8,1878,62.5,0.4,0.3
"146","ANCASH","RECUAY","CATAC",2,25,1878,8,1.3,0.1
"147","ANCASH","RECUAY","COTAPARACO",1,25,1878,4,1.3,0.1
"148","ANCASH","RECUAY","HUAYLLAPAMPA",1,25,1878,4,1.3,0.1
"149","ANCASH","RECUAY","LLACLLIN",2,25,1878,8,1.3,0.1
"150","ANCASH","RECUAY","MARCA",1,25,1878,4,1.3,0.1
"151","ANCASH","RECUAY","PAMPAS CHICO",1,25,1878,4,1.3,0.1
"152","ANCASH","RECUAY","PARARIN",1,25,1878,4,1.3,0.1
"153","ANCASH","RECUAY","RECUAY",10,25,1878,40,1.3,0.5
"154","ANCASH","RECUAY","TICAPAMPA",6,25,1878,24,1.3,0.3
"155","ANCASH","SANTA","CACERES DEL PERU",3,1162,1878,0.3,61.9,0.2
"156","ANCASH","SANTA","CHIMBOTE",773,1162,1878,66.5,61.9,41.2
"157","ANCASH","SANTA","COISHCO",55,1162,1878,4.7,61.9,2.9
"158","ANCASH","SANTA","MACATE",3,1162,1878,0.3,61.9,0.2
"159","ANCASH","SANTA","MORO",8,1162,1878,0.7,61.9,0.4
"160","ANCASH","SANTA","NEPE<d1>A",30,1162,1878,2.6,61.9,1.6
"161","ANCASH","SANTA","NUEVO CHIMBOTE",222,1162,1878,19.1,61.9,11.8
"162","ANCASH","SANTA","SAMANCO",13,1162,1878,1.1,61.9,0.7
"163","ANCASH","SANTA","SANTA",55,1162,1878,4.7,61.9,2.9
"164","ANCASH","SIHUAS","ALFONSO UGARTE",1,11,1878,9.1,0.6,0.1
"165","ANCASH","SIHUAS","CASHAPAMPA",1,11,1878,9.1,0.6,0.1
"166","ANCASH","SIHUAS","HUAYLLABAMBA",1,11,1878,9.1,0.6,0.1
"167","ANCASH","SIHUAS","QUICHES",1,11,1878,9.1,0.6,0.1
"168","ANCASH","SIHUAS","SAN JUAN",1,11,1878,9.1,0.6,0.1
"169","ANCASH","SIHUAS","SICSIBAMBA",1,11,1878,9.1,0.6,0.1
"170","ANCASH","SIHUAS","SIHUAS",5,11,1878,45.5,0.6,0.3
"171","ANCASH","YUNGAY","CASCAPARA",1,23,1878,4.3,1.2,0.1
"172","ANCASH","YUNGAY","MANCOS",3,23,1878,13,1.2,0.2
"173","ANCASH","YUNGAY","MATACOTO",1,23,1878,4.3,1.2,0.1
"174","ANCASH","YUNGAY","QUILLO",2,23,1878,8.7,1.2,0.1
"175","ANCASH","YUNGAY","SHUPLUY",2,23,1878,8.7,1.2,0.1
"176","ANCASH","YUNGAY","YANAMA",2,23,1878,8.7,1.2,0.1
"177","ANCASH","YUNGAY","YUNGAY",12,23,1878,52.2,1.2,0.6
"178","APURIMAC","ABANCAY","ABANCAY",96,125,275,76.8,45.5,34.9
"179","APURIMAC","ABANCAY","CHACOCHE",1,125,275,0.8,45.5,0.4
"180","APURIMAC","ABANCAY","CIRCA",1,125,275,0.8,45.5,0.4
"181","APURIMAC","ABANCAY","CURAHUASI",7,125,275,5.6,45.5,2.5
"182","APURIMAC","ABANCAY","LAMBRAMA",3,125,275,2.4,45.5,1.1
"183","APURIMAC","ABANCAY","PICHIRHUA",3,125,275,2.4,45.5,1.1
"184","APURIMAC","ABANCAY","SAN PEDRO DE CACHORA",3,125,275,2.4,45.5,1.1
"185","APURIMAC","ABANCAY","TAMBURCO",11,125,275,8.8,45.5,4
"186","APURIMAC","ANDAHUAYLAS","ANDAHUAYLAS",25,77,275,32.5,28,9.1
"187","APURIMAC","ANDAHUAYLAS","ANDARAPA",3,77,275,3.9,28,1.1
"188","APURIMAC","ANDAHUAYLAS","CHIARA",1,77,275,1.3,28,0.4
"189","APURIMAC","ANDAHUAYLAS","HUANCARAMA",7,77,275,9.1,28,2.5
"190","APURIMAC","ANDAHUAYLAS","HUANCARAY",4,77,275,5.2,28,1.5
"191","APURIMAC","ANDAHUAYLAS","JOSE MARIA ARGUEDAS",1,77,275,1.3,28,0.4
"192","APURIMAC","ANDAHUAYLAS","KAQUIABAMBA",2,77,275,2.6,28,0.7
"193","APURIMAC","ANDAHUAYLAS","KISHUARA",2,77,275,2.6,28,0.7
"194","APURIMAC","ANDAHUAYLAS","PACOBAMBA",3,77,275,3.9,28,1.1
"195","APURIMAC","ANDAHUAYLAS","PACUCHA",3,77,275,3.9,28,1.1
"196","APURIMAC","ANDAHUAYLAS","PAMPACHIRI",1,77,275,1.3,28,0.4
"197","APURIMAC","ANDAHUAYLAS","POMACOCHA",1,77,275,1.3,28,0.4
"198","APURIMAC","ANDAHUAYLAS","SAN JERONIMO",9,77,275,11.7,28,3.3
"199","APURIMAC","ANDAHUAYLAS","SANTA MARIA DE CHICMO",2,77,275,2.6,28,0.7
"200","APURIMAC","ANDAHUAYLAS","TALAVERA",12,77,275,15.6,28,4.4
"201","APURIMAC","ANDAHUAYLAS","TURPO",1,77,275,1.3,28,0.4
"202","APURIMAC","ANTABAMBA","ANTABAMBA",6,11,275,54.5,4,2.2
"203","APURIMAC","ANTABAMBA","EL ORO",1,11,275,9.1,4,0.4
"204","APURIMAC","ANTABAMBA","HUAQUIRCA",1,11,275,9.1,4,0.4
"205","APURIMAC","ANTABAMBA","JUAN ESPINOZA MEDRANO",1,11,275,9.1,4,0.4
"206","APURIMAC","ANTABAMBA","PACHACONAS",1,11,275,9.1,4,0.4
"207","APURIMAC","ANTABAMBA","SABAINO",1,11,275,9.1,4,0.4
"208","APURIMAC","AYMARAES","CHALHUANCA",2,18,275,11.1,6.5,0.7
"209","APURIMAC","AYMARAES","CHAPIMARCA",1,18,275,5.6,6.5,0.4
"210","APURIMAC","AYMARAES","COLCABAMBA",3,18,275,16.7,6.5,1.1
"211","APURIMAC","AYMARAES","COTARUSE",5,18,275,27.8,6.5,1.8
"212","APURIMAC","AYMARAES","IHUAYLLO",3,18,275,16.7,6.5,1.1
"213","APURIMAC","AYMARAES","JUSTO APU SAHUARAURA",1,18,275,5.6,6.5,0.4
"214","APURIMAC","AYMARAES","SA<d1>AYCA",1,18,275,5.6,6.5,0.4
"215","APURIMAC","AYMARAES","SORAYA",1,18,275,5.6,6.5,0.4
"216","APURIMAC","AYMARAES","TORAYA",1,18,275,5.6,6.5,0.4
"217","APURIMAC","CHINCHEROS","ANCO-HUALLO",4,25,275,16,9.1,1.5
"218","APURIMAC","CHINCHEROS","ANCO HUALLO",3,25,275,12,9.1,1.1
"219","APURIMAC","CHINCHEROS","CHINCHEROS",6,25,275,24,9.1,2.2
"220","APURIMAC","CHINCHEROS","COCHARCAS",1,25,275,4,9.1,0.4
"221","APURIMAC","CHINCHEROS","HUACCANA",3,25,275,12,9.1,1.1
"222","APURIMAC","CHINCHEROS","OCOBAMBA",4,25,275,16,9.1,1.5
"223","APURIMAC","CHINCHEROS","ONGOY",2,25,275,8,9.1,0.7
"224","APURIMAC","CHINCHEROS","URANMARCA",2,25,275,8,9.1,0.7
"225","APURIMAC","COTABAMBAS","CHALLHUAHUACHO",4,12,275,33.3,4.4,1.5
"226","APURIMAC","COTABAMBAS","COTABAMBAS",1,12,275,8.3,4.4,0.4
"227","APURIMAC","COTABAMBAS","COYLLURQUI",1,12,275,8.3,4.4,0.4
"228","APURIMAC","COTABAMBAS","HAQUIRA",1,12,275,8.3,4.4,0.4
"229","APURIMAC","COTABAMBAS","MARA",2,12,275,16.7,4.4,0.7
"230","APURIMAC","COTABAMBAS","TAMBOBAMBA",3,12,275,25,4.4,1.1
"231","APURIMAC","GRAU","CHUQUIBAMBILLA",2,7,275,28.6,2.5,0.7
"232","APURIMAC","GRAU","CURPAHUASI",1,7,275,14.3,2.5,0.4
"233","APURIMAC","GRAU","MAMARA",1,7,275,14.3,2.5,0.4
"234","APURIMAC","GRAU","MARISCAL GAMARRA",1,7,275,14.3,2.5,0.4
"235","APURIMAC","GRAU","MICAELA BASTIDAS",1,7,275,14.3,2.5,0.4
"236","APURIMAC","GRAU","SAN ANTONIO",1,7,275,14.3,2.5,0.4
"237","AREQUIPA","","",1,1,2026,100,0,0
"238","AREQUIPA","AREQUIPA","ALTO SELVA ALEGRE",115,1711,2026,6.7,84.5,5.7
"239","AREQUIPA","AREQUIPA","AREQUIPA",217,1711,2026,12.7,84.5,10.7
"240","AREQUIPA","AREQUIPA","CAYMA",117,1711,2026,6.8,84.5,5.8
"241","AREQUIPA","AREQUIPA","CERRO COLORADO",190,1711,2026,11.1,84.5,9.4
"242","AREQUIPA","AREQUIPA","CHARACATO",15,1711,2026,0.9,84.5,0.7
"243","AREQUIPA","AREQUIPA","CHIGUATA",3,1711,2026,0.2,84.5,0.1
"244","AREQUIPA","AREQUIPA","JACOBO HUNTER",90,1711,2026,5.3,84.5,4.4
"245","AREQUIPA","AREQUIPA","JOSE LUIS BUSTAMANTE Y RIVERO",145,1711,2026,8.5,84.5,7.2
"246","AREQUIPA","AREQUIPA","LA JOYA",35,1711,2026,2,84.5,1.7
"247","AREQUIPA","AREQUIPA","MARIANO MELGAR",110,1711,2026,6.4,84.5,5.4
"248","AREQUIPA","AREQUIPA","MIRAFLORES",120,1711,2026,7,84.5,5.9
"249","AREQUIPA","AREQUIPA","MOLLEBAYA",3,1711,2026,0.2,84.5,0.1
"250","AREQUIPA","AREQUIPA","PAUCARPATA",265,1711,2026,15.5,84.5,13.1
"251","AREQUIPA","AREQUIPA","POLOBAYA",2,1711,2026,0.1,84.5,0.1
"252","AREQUIPA","AREQUIPA","QUEQUE<d1>A",2,1711,2026,0.1,84.5,0.1
"253","AREQUIPA","AREQUIPA","SABANDIA",5,1711,2026,0.3,84.5,0.2
"254","AREQUIPA","AREQUIPA","SACHACA",32,1711,2026,1.9,84.5,1.6
"255","AREQUIPA","AREQUIPA","SAN JUAN DE TARUCANI",1,1711,2026,0.1,84.5,0
"256","AREQUIPA","AREQUIPA","SANTA ISABEL DE SIGUAS",3,1711,2026,0.2,84.5,0.1
"257","AREQUIPA","AREQUIPA","SANTA RITA DE SIHUAS",5,1711,2026,0.3,84.5,0.2
"258","AREQUIPA","AREQUIPA","SOCABAYA",130,1711,2026,7.6,84.5,6.4
"259","AREQUIPA","AREQUIPA","TIABAYA",20,1711,2026,1.2,84.5,1
"260","AREQUIPA","AREQUIPA","UCHUMAYO",16,1711,2026,0.9,84.5,0.8
"261","AREQUIPA","AREQUIPA","VITOR",4,1711,2026,0.2,84.5,0.2
"262","AREQUIPA","AREQUIPA","YANAHUARA",46,1711,2026,2.7,84.5,2.3
"263","AREQUIPA","AREQUIPA","YARABAMBA",2,1711,2026,0.1,84.5,0.1
"264","AREQUIPA","AREQUIPA","YURA",18,1711,2026,1.1,84.5,0.9
"265","AREQUIPA","CAMANA","CAMANA",37,91,2026,40.7,4.5,1.8
"266","AREQUIPA","CAMANA","JOSE MARIA QUIMPER",7,91,2026,7.7,4.5,0.3
"267","AREQUIPA","CAMANA","MARIANO NICOLAS VALCARCEL",5,91,2026,5.5,4.5,0.2
"268","AREQUIPA","CAMANA","MARISCAL CACERES",10,91,2026,11,4.5,0.5
"269","AREQUIPA","CAMANA","NICOLAS DE PIEROLA",9,91,2026,9.9,4.5,0.4
"270","AREQUIPA","CAMANA","OCO´.¢A",1,91,2026,1.1,4.5,0
"271","AREQUIPA","CAMANA","OCO<d1>A",4,91,2026,4.4,4.5,0.2
"272","AREQUIPA","CAMANA","OCO<U+0462>A",1,91,2026,1.1,4.5,0
"273","AREQUIPA","CAMANA","QUILCA",1,91,2026,1.1,4.5,0
"274","AREQUIPA","CAMANA","SAMUEL PASTOR",16,91,2026,17.6,4.5,0.8
"275","AREQUIPA","CARAVELI","ACARI",3,30,2026,10,1.5,0.1
"276","AREQUIPA","CARAVELI","ATICO",7,30,2026,23.3,1.5,0.3
"277","AREQUIPA","CARAVELI","ATIQUIPA",2,30,2026,6.7,1.5,0.1
"278","AREQUIPA","CARAVELI","BELLA UNION",2,30,2026,6.7,1.5,0.1
"279","AREQUIPA","CARAVELI","CARAVELI",1,30,2026,3.3,1.5,0
"280","AREQUIPA","CARAVELI","CHALA",7,30,2026,23.3,1.5,0.3
"281","AREQUIPA","CARAVELI","CHAPARRA",2,30,2026,6.7,1.5,0.1
"282","AREQUIPA","CARAVELI","HUANUHUANU",1,30,2026,3.3,1.5,0
"283","AREQUIPA","CARAVELI","JAQUI",2,30,2026,6.7,1.5,0.1
"284","AREQUIPA","CARAVELI","LOMAS",1,30,2026,3.3,1.5,0
"285","AREQUIPA","CARAVELI","YAUCA",2,30,2026,6.7,1.5,0.1
"286","AREQUIPA","CASTILLA","ANDAGUA",2,24,2026,8.3,1.2,0.1
"287","AREQUIPA","CASTILLA","APLAO",8,24,2026,33.3,1.2,0.4
"288","AREQUIPA","CASTILLA","CHACHAS",1,24,2026,4.2,1.2,0
"289","AREQUIPA","CASTILLA","CHILCAYMARCA",1,24,2026,4.2,1.2,0
"290","AREQUIPA","CASTILLA","HUANCARQUI",3,24,2026,12.5,1.2,0.1
"291","AREQUIPA","CASTILLA","PAMPACOLCA",2,24,2026,8.3,1.2,0.1
"292","AREQUIPA","CASTILLA","URACA",7,24,2026,29.2,1.2,0.3
"293","AREQUIPA","CAYLLOMA","ACHOMA",2,83,2026,2.4,4.1,0.1
"294","AREQUIPA","CAYLLOMA","CAYLLOMA",6,83,2026,7.2,4.1,0.3
"295","AREQUIPA","CAYLLOMA","CHIVAY",4,83,2026,4.8,4.1,0.2
"296","AREQUIPA","CAYLLOMA","COPORAQUE",2,83,2026,2.4,4.1,0.1
"297","AREQUIPA","CAYLLOMA","ICHUPAMPA",1,83,2026,1.2,4.1,0
"298","AREQUIPA","CAYLLOMA","LARI",3,83,2026,3.6,4.1,0.1
"299","AREQUIPA","CAYLLOMA","LLUTA",4,83,2026,4.8,4.1,0.2
"300","AREQUIPA","CAYLLOMA","MAJES",59,83,2026,71.1,4.1,2.9
"301","AREQUIPA","CAYLLOMA","TAPAY",2,83,2026,2.4,4.1,0.1
"302","AREQUIPA","CONDESUYOS","ANDARAY",2,11,2026,18.2,0.5,0.1
"303","AREQUIPA","CONDESUYOS","CHUQUIBAMBA",1,11,2026,9.1,0.5,0
"304","AREQUIPA","CONDESUYOS","IRAY",1,11,2026,9.1,0.5,0
"305","AREQUIPA","CONDESUYOS","RIO GRANDE",3,11,2026,27.3,0.5,0.1
"306","AREQUIPA","CONDESUYOS","YANAQUIHUA",4,11,2026,36.4,0.5,0.2
"307","AREQUIPA","ISLAY","COCACHACRA",15,68,2026,22.1,3.4,0.7
"308","AREQUIPA","ISLAY","DEAN VALDIVIA",7,68,2026,10.3,3.4,0.3
"309","AREQUIPA","ISLAY","ISLAY",4,68,2026,5.9,3.4,0.2
"310","AREQUIPA","ISLAY","MEJIA",1,68,2026,1.5,3.4,0
"311","AREQUIPA","ISLAY","MOLLENDO",38,68,2026,55.9,3.4,1.9
"312","AREQUIPA","ISLAY","PUNTA DE BOMBON",3,68,2026,4.4,3.4,0.1
"313","AREQUIPA","LA UNION","COTAHUASI",2,7,2026,28.6,0.3,0.1
"314","AREQUIPA","LA UNION","HUAYNACOTAS",2,7,2026,28.6,0.3,0.1
"315","AREQUIPA","LA UNION","PAMPAMARCA",1,7,2026,14.3,0.3,0
"316","AREQUIPA","LA UNION","PUYCA",1,7,2026,14.3,0.3,0
"317","AREQUIPA","LA UNION","TOMEPAMPA",1,7,2026,14.3,0.3,0
"318","AYACUCHO","CANGALLO","CANGALLO",9,23,504,39.1,4.6,1.8
"319","AYACUCHO","CANGALLO","CHUSCHI",4,23,504,17.4,4.6,0.8
"320","AYACUCHO","CANGALLO","LOS MOROCHUCOS",5,23,504,21.7,4.6,1
"321","AYACUCHO","CANGALLO","MARIA PARADO DE BELLIDO",1,23,504,4.3,4.6,0.2
"322","AYACUCHO","CANGALLO","PARAS",3,23,504,13,4.6,0.6
"323","AYACUCHO","CANGALLO","TOTOS",1,23,504,4.3,4.6,0.2
"324","AYACUCHO","HUAMANGA","ACOCRO",3,290,504,1,57.5,0.6
"325","AYACUCHO","HUAMANGA","ACOS VINCHOS",1,290,504,0.3,57.5,0.2
"326","AYACUCHO","HUAMANGA","ANDRES AVELINO CACERES D.",8,290,504,2.8,57.5,1.6
"327","AYACUCHO","HUAMANGA","ANDRES AVELINO CACERES DORREGA",21,290,504,7.2,57.5,4.2
"328","AYACUCHO","HUAMANGA","ANDRES AVELINO CACERES DORREGARAY",4,290,504,1.4,57.5,0.8
"329","AYACUCHO","HUAMANGA","AYACUCHO",145,290,504,50,57.5,28.8
"330","AYACUCHO","HUAMANGA","CARMEN ALTO",7,290,504,2.4,57.5,1.4
"331","AYACUCHO","HUAMANGA","CARMEN ALTO 1/",9,290,504,3.1,57.5,1.8
"332","AYACUCHO","HUAMANGA","CHIARA",1,290,504,0.3,57.5,0.2
"333","AYACUCHO","HUAMANGA","JESUS NAZARENO",33,290,504,11.4,57.5,6.5
"334","AYACUCHO","HUAMANGA","PACAYCASA",5,290,504,1.7,57.5,1
"335","AYACUCHO","HUAMANGA","QUINUA",4,290,504,1.4,57.5,0.8
"336","AYACUCHO","HUAMANGA","SAN JOSE DE TICLLAS",4,290,504,1.4,57.5,0.8
"337","AYACUCHO","HUAMANGA","SAN JUAN BAUTISTA",42,290,504,14.5,57.5,8.3
"338","AYACUCHO","HUAMANGA","SOCOS",1,290,504,0.3,57.5,0.2
"339","AYACUCHO","HUAMANGA","TAMBILLO",1,290,504,0.3,57.5,0.2
"340","AYACUCHO","HUAMANGA","VINCHOS",1,290,504,0.3,57.5,0.2
"341","AYACUCHO","HUANCA SANCOS","SANCOS",2,2,504,100,0.4,0.4
"342","AYACUCHO","HUANTA","AYAHUANCO",1,54,504,1.9,10.7,0.2
"343","AYACUCHO","HUANTA","CANAYRE",1,54,504,1.9,10.7,0.2
"344","AYACUCHO","HUANTA","HUAMANGUILLA",1,54,504,1.9,10.7,0.2
"345","AYACUCHO","HUANTA","HUANTA",36,54,504,66.7,10.7,7.1
"346","AYACUCHO","HUANTA","IGUAIN",2,54,504,3.7,10.7,0.4
"347","AYACUCHO","HUANTA","LLOCHEGUA",5,54,504,9.3,10.7,1
"348","AYACUCHO","HUANTA","LURICOCHA",4,54,504,7.4,10.7,0.8
"349","AYACUCHO","HUANTA","PUCACOLPA",1,54,504,1.9,10.7,0.2
"350","AYACUCHO","HUANTA","SANTILLANA",1,54,504,1.9,10.7,0.2
"351","AYACUCHO","HUANTA","SIVIA",1,54,504,1.9,10.7,0.2
"352","AYACUCHO","HUANTA","UCHURACCAY",1,54,504,1.9,10.7,0.2
"353","AYACUCHO","LA MAR","ANCO",3,39,504,7.7,7.7,0.6
"354","AYACUCHO","LA MAR","AYNA",9,39,504,23.1,7.7,1.8
"355","AYACUCHO","LA MAR","SAMUGARI",3,39,504,7.7,7.7,0.6
"356","AYACUCHO","LA MAR","SAN MIGUEL",14,39,504,35.9,7.7,2.8
"357","AYACUCHO","LA MAR","SANTA ROSA",5,39,504,12.8,7.7,1
"358","AYACUCHO","LA MAR","TAMBO",5,39,504,12.8,7.7,1
"359","AYACUCHO","LUCANAS","AUCARA",4,49,504,8.2,9.7,0.8
"360","AYACUCHO","LUCANAS","CABANA",1,49,504,2,9.7,0.2
"361","AYACUCHO","LUCANAS","CHAVI<d1>A",2,49,504,4.1,9.7,0.4
"362","AYACUCHO","LUCANAS","CHIPAO",2,49,504,4.1,9.7,0.4
"363","AYACUCHO","LUCANAS","HUAC-HUAS",3,49,504,6.1,9.7,0.6
"364","AYACUCHO","LUCANAS","LARAMATE",1,49,504,2,9.7,0.2
"365","AYACUCHO","LUCANAS","LLAUTA",4,49,504,8.2,9.7,0.8
"366","AYACUCHO","LUCANAS","LUCANAS",1,49,504,2,9.7,0.2
"367","AYACUCHO","LUCANAS","OTOCA",1,49,504,2,9.7,0.2
"368","AYACUCHO","LUCANAS","PUQUIO",21,49,504,42.9,9.7,4.2
"369","AYACUCHO","LUCANAS","SAN CRISTOBAL",2,49,504,4.1,9.7,0.4
"370","AYACUCHO","LUCANAS","SAN JUAN",1,49,504,2,9.7,0.2
"371","AYACUCHO","LUCANAS","SAN PEDRO",1,49,504,2,9.7,0.2
"372","AYACUCHO","LUCANAS","SANCOS",3,49,504,6.1,9.7,0.6
"373","AYACUCHO","LUCANAS","SANTA ANA DE HUAYCAHUACHO",1,49,504,2,9.7,0.2
"374","AYACUCHO","LUCANAS","SANTA LUCIA",1,49,504,2,9.7,0.2
"375","AYACUCHO","PARINACOCHAS","CHUMPI",1,13,504,7.7,2.6,0.2
"376","AYACUCHO","PARINACOCHAS","CORACORA",7,13,504,53.8,2.6,1.4
"377","AYACUCHO","PARINACOCHAS","CORONEL CASTA<d1>EDA",1,13,504,7.7,2.6,0.2
"378","AYACUCHO","PARINACOCHAS","PACAPAUSA",1,13,504,7.7,2.6,0.2
"379","AYACUCHO","PARINACOCHAS","PULLO",1,13,504,7.7,2.6,0.2
"380","AYACUCHO","PARINACOCHAS","SAN FRANCISCO DE RAVACAYCO",2,13,504,15.4,2.6,0.4
"381","AYACUCHO","PAUCAR DEL SARA SARA","COLTA",2,7,504,28.6,1.4,0.4
"382","AYACUCHO","PAUCAR DEL SARA SARA","MARCABAMBA",2,7,504,28.6,1.4,0.4
"383","AYACUCHO","PAUCAR DEL SARA SARA","PAUSA",2,7,504,28.6,1.4,0.4
"384","AYACUCHO","PAUCAR DEL SARA SARA","SAN JOSE DE USHUA",1,7,504,14.3,1.4,0.2
"385","AYACUCHO","SUCRE","CHILCAYOC",1,6,504,16.7,1.2,0.2
"386","AYACUCHO","SUCRE","HUACA<d1>A",1,6,504,16.7,1.2,0.2
"387","AYACUCHO","SUCRE","MORCOLLA",2,6,504,33.3,1.2,0.4
"388","AYACUCHO","SUCRE","SAN SALVADOR DE QUIJE",1,6,504,16.7,1.2,0.2
"389","AYACUCHO","SUCRE","SANTIAGO DE PAUCARAY",1,6,504,16.7,1.2,0.2
"390","AYACUCHO","VICTOR FAJARDO","ALCAMENCA",2,12,504,16.7,2.4,0.4
"391","AYACUCHO","VICTOR FAJARDO","ASQUIPATA",1,12,504,8.3,2.4,0.2
"392","AYACUCHO","VICTOR FAJARDO","CANARIA",2,12,504,16.7,2.4,0.4
"393","AYACUCHO","VICTOR FAJARDO","CAYARA",1,12,504,8.3,2.4,0.2
"394","AYACUCHO","VICTOR FAJARDO","COLCA",2,12,504,16.7,2.4,0.4
"395","AYACUCHO","VICTOR FAJARDO","HUANCAPI",2,12,504,16.7,2.4,0.4
"396","AYACUCHO","VICTOR FAJARDO","HUANCARAYLLA",1,12,504,8.3,2.4,0.2
"397","AYACUCHO","VICTOR FAJARDO","VILCANCHOS",1,12,504,8.3,2.4,0.2
"398","AYACUCHO","VILCAS HUAMAN","CARHUANCA",1,9,504,11.1,1.8,0.2
"399","AYACUCHO","VILCAS HUAMAN","HUAMBALPA",1,9,504,11.1,1.8,0.2
"400","AYACUCHO","VILCAS HUAMAN","INDEPENDENCIA",1,9,504,11.1,1.8,0.2
"401","AYACUCHO","VILCAS HUAMAN","VILCAS HUAM-N",3,9,504,33.3,1.8,0.6
"402","AYACUCHO","VILCAS HUAMAN","VILCAS HUAMAN",2,9,504,22.2,1.8,0.4
"403","AYACUCHO","VILCAS HUAMAN","VISCHONGO",1,9,504,11.1,1.8,0.2
"404","CAJAMARCA","CAJABAMBA","CACHACHI",5,33,801,15.2,4.1,0.6
"405","CAJAMARCA","CAJABAMBA","CAJABAMBA",26,33,801,78.8,4.1,3.2
"406","CAJAMARCA","CAJABAMBA","CONDEBAMBA",1,33,801,3,4.1,0.1
"407","CAJAMARCA","CAJABAMBA","SITACOCHA",1,33,801,3,4.1,0.1
"408","CAJAMARCA","CAJAMARCA","ASUNCION",1,255,801,0.4,31.8,0.1
"409","CAJAMARCA","CAJAMARCA","CAJAMARCA",216,255,801,84.7,31.8,27
"410","CAJAMARCA","CAJAMARCA","CHETILLA",2,255,801,0.8,31.8,0.2
"411","CAJAMARCA","CAJAMARCA","ENCA´.¢ADA",1,255,801,0.4,31.8,0.1
"412","CAJAMARCA","CAJAMARCA","ENCA<d1>ADA",9,255,801,3.5,31.8,1.1
"413","CAJAMARCA","CAJAMARCA","JESUS",2,255,801,0.8,31.8,0.2
"414","CAJAMARCA","CAJAMARCA","LLACANORA",1,255,801,0.4,31.8,0.1
"415","CAJAMARCA","CAJAMARCA","LOS BA<d1>OS DEL INCA",17,255,801,6.7,31.8,2.1
"416","CAJAMARCA","CAJAMARCA","MAGDALENA",4,255,801,1.6,31.8,0.5
"417","CAJAMARCA","CAJAMARCA","MATARA",1,255,801,0.4,31.8,0.1
"418","CAJAMARCA","CAJAMARCA","NAMORA",1,255,801,0.4,31.8,0.1
"419","CAJAMARCA","CELENDIN","CELEND-N",1,25,801,4,3.1,0.1
"420","CAJAMARCA","CELENDIN","CELENDIN",15,25,801,60,3.1,1.9
"421","CAJAMARCA","CELENDIN","JOSE GALVEZ",4,25,801,16,3.1,0.5
"422","CAJAMARCA","CELENDIN","LA LIBERTAD DE PALLAN",1,25,801,4,3.1,0.1
"423","CAJAMARCA","CELENDIN","MIGUEL IGLESIAS",1,25,801,4,3.1,0.1
"424","CAJAMARCA","CELENDIN","OXAMARCA",1,25,801,4,3.1,0.1
"425","CAJAMARCA","CELENDIN","SUCRE",2,25,801,8,3.1,0.2
"426","CAJAMARCA","CHOTA","CHADIN",1,42,801,2.4,5.2,0.1
"427","CAJAMARCA","CHOTA","CHIGUIRIP",1,42,801,2.4,5.2,0.1
"428","CAJAMARCA","CHOTA","CHOTA",21,42,801,50,5.2,2.6
"429","CAJAMARCA","CHOTA","COCHABAMBA",1,42,801,2.4,5.2,0.1
"430","CAJAMARCA","CHOTA","HUAMBOS",3,42,801,7.1,5.2,0.4
"431","CAJAMARCA","CHOTA","LAJAS",4,42,801,9.5,5.2,0.5
"432","CAJAMARCA","CHOTA","LLAMA",1,42,801,2.4,5.2,0.1
"433","CAJAMARCA","CHOTA","MIRACOSTA",1,42,801,2.4,5.2,0.1
"434","CAJAMARCA","CHOTA","PACCHA",2,42,801,4.8,5.2,0.2
"435","CAJAMARCA","CHOTA","QUEROCOTO",6,42,801,14.3,5.2,0.7
"436","CAJAMARCA","CHOTA","TACABAMBA",1,42,801,2.4,5.2,0.1
"437","CAJAMARCA","CONTUMAZA","CHILETE",9,18,801,50,2.2,1.1
"438","CAJAMARCA","CONTUMAZA","CONTUMAZA",3,18,801,16.7,2.2,0.4
"439","CAJAMARCA","CONTUMAZA","SAN BENITO",1,18,801,5.6,2.2,0.1
"440","CAJAMARCA","CONTUMAZA","TANTARICA",1,18,801,5.6,2.2,0.1
"441","CAJAMARCA","CONTUMAZA","YONAN",4,18,801,22.2,2.2,0.5
"442","CAJAMARCA","CUTERVO","CALLAYUC",5,45,801,11.1,5.6,0.6
"443","CAJAMARCA","CUTERVO","CUTERVO",30,45,801,66.7,5.6,3.7
"444","CAJAMARCA","CUTERVO","QUEROCOTILLO",2,45,801,4.4,5.6,0.2
"445","CAJAMARCA","CUTERVO","SAN LUIS DE LUCMA",2,45,801,4.4,5.6,0.2
"446","CAJAMARCA","CUTERVO","SANTA CRUZ",1,45,801,2.2,5.6,0.1
"447","CAJAMARCA","CUTERVO","SANTO DOMINGO DE LA CAPILLA",1,45,801,2.2,5.6,0.1
"448","CAJAMARCA","CUTERVO","SANTO TOMAS",1,45,801,2.2,5.6,0.1
"449","CAJAMARCA","CUTERVO","SOCOTA",3,45,801,6.7,5.6,0.4
"450","CAJAMARCA","HUALGAYOC","BAMBAMARCA",14,17,801,82.4,2.1,1.7
"451","CAJAMARCA","HUALGAYOC","HUALGAYOC",3,17,801,17.6,2.1,0.4
"452","CAJAMARCA","JAEN","BELLAVISTA",10,237,801,4.2,29.6,1.2
"453","CAJAMARCA","JAEN","CHONTALI",2,237,801,0.8,29.6,0.2
"454","CAJAMARCA","JAEN","COLASAY",1,237,801,0.4,29.6,0.1
"455","CAJAMARCA","JAEN","HUABAL",2,237,801,0.8,29.6,0.2
"456","CAJAMARCA","JAEN","JAEN",195,237,801,82.3,29.6,24.3
"457","CAJAMARCA","JAEN","LAS PIRIAS",1,237,801,0.4,29.6,0.1
"458","CAJAMARCA","JAEN","POMAHUACA",2,237,801,0.8,29.6,0.2
"459","CAJAMARCA","JAEN","PUCARA",10,237,801,4.2,29.6,1.2
"460","CAJAMARCA","JAEN","SALLIQUE",2,237,801,0.8,29.6,0.2
"461","CAJAMARCA","JAEN","SAN FELIPE",1,237,801,0.4,29.6,0.1
"462","CAJAMARCA","JAEN","SAN JOSE DEL ALTO",5,237,801,2.1,29.6,0.6
"463","CAJAMARCA","JAEN","SANTA ROSA",6,237,801,2.5,29.6,0.7
"464","CAJAMARCA","SAN IGNACIO","CHIRINOS",8,54,801,14.8,6.7,1
"465","CAJAMARCA","SAN IGNACIO","HUARANGO",16,54,801,29.6,6.7,2
"466","CAJAMARCA","SAN IGNACIO","LA COIPA",6,54,801,11.1,6.7,0.7
"467","CAJAMARCA","SAN IGNACIO","NAMBALLE",2,54,801,3.7,6.7,0.2
"468","CAJAMARCA","SAN IGNACIO","SAN IGNACIO",13,54,801,24.1,6.7,1.6
"469","CAJAMARCA","SAN IGNACIO","SAN JOSE DE LOURDES",5,54,801,9.3,6.7,0.6
"470","CAJAMARCA","SAN IGNACIO","TABACONAS",4,54,801,7.4,6.7,0.5
"471","CAJAMARCA","SAN MARCOS","CHANCAY",3,20,801,15,2.5,0.4
"472","CAJAMARCA","SAN MARCOS","ICHOCAN",1,20,801,5,2.5,0.1
"473","CAJAMARCA","SAN MARCOS","JOSE MANUEL QUIROZ",1,20,801,5,2.5,0.1
"474","CAJAMARCA","SAN MARCOS","JOSE SABOGAL",2,20,801,10,2.5,0.2
"475","CAJAMARCA","SAN MARCOS","PEDRO GALVEZ",13,20,801,65,2.5,1.6
"476","CAJAMARCA","SAN MIGUEL","EL PRADO",1,27,801,3.7,3.4,0.1
"477","CAJAMARCA","SAN MIGUEL","LA FLORIDA",4,27,801,14.8,3.4,0.5
"478","CAJAMARCA","SAN MIGUEL","LLAPA",4,27,801,14.8,3.4,0.5
"479","CAJAMARCA","SAN MIGUEL","NIEPOS",5,27,801,18.5,3.4,0.6
"480","CAJAMARCA","SAN MIGUEL","SAN GREGORIO",2,27,801,7.4,3.4,0.2
"481","CAJAMARCA","SAN MIGUEL","SAN MIGUEL",5,27,801,18.5,3.4,0.6
"482","CAJAMARCA","SAN MIGUEL","SAN SILVESTRE DE COCHAN",1,27,801,3.7,3.4,0.1
"483","CAJAMARCA","SAN MIGUEL","TONGOD",3,27,801,11.1,3.4,0.4
"484","CAJAMARCA","SAN MIGUEL","UNION AGUA BLANCA",2,27,801,7.4,3.4,0.2
"485","CAJAMARCA","SAN PABLO","SAN BERNARDINO",1,8,801,12.5,1,0.1
"486","CAJAMARCA","SAN PABLO","SAN LUIS",1,8,801,12.5,1,0.1
"487","CAJAMARCA","SAN PABLO","SAN PABLO",6,8,801,75,1,0.7
"488","CAJAMARCA","SANTA CRUZ","CATACHE",4,20,801,20,2.5,0.5
"489","CAJAMARCA","SANTA CRUZ","CHANCAYBA<d1>OS",3,20,801,15,2.5,0.4
"490","CAJAMARCA","SANTA CRUZ","NINABAMBA",1,20,801,5,2.5,0.1
"491","CAJAMARCA","SANTA CRUZ","PULAN",1,20,801,5,2.5,0.1
"492","CAJAMARCA","SANTA CRUZ","SANTA CRUZ",8,20,801,40,2.5,1
"493","CAJAMARCA","SANTA CRUZ","SAUCEPAMPA",2,20,801,10,2.5,0.2
"494","CAJAMARCA","SANTA CRUZ","YAUYUCAN",1,20,801,5,2.5,0.1
"495","CALLAO","","",34,153,2495,22.2,6.1,1.4
"496","CALLAO","","BELLAVISTA",8,153,2495,5.2,6.1,0.3
"497","CALLAO","","CALLAO",82,153,2495,53.6,6.1,3.3
"498","CALLAO","","CARMEN DE LA LEGUA REYNOSO",9,153,2495,5.9,6.1,0.4
"499","CALLAO","","COMAS",1,153,2495,0.7,6.1,0
"500","CALLAO","","LA PERLA",2,153,2495,1.3,6.1,0.1
"501","CALLAO","","LA PUNTA",1,153,2495,0.7,6.1,0
"502","CALLAO","","MI PERU",1,153,2495,0.7,6.1,0
"503","CALLAO","","PUEBLO NUEVO",1,153,2495,0.7,6.1,0
"504","CALLAO","","VENTANILLA",14,153,2495,9.2,6.1,0.6
"505","CALLAO","CALLAO","BELLAVISTA",219,2334,2495,9.4,93.5,8.8
"506","CALLAO","CALLAO","CALLAO",1390,2334,2495,59.6,93.5,55.7
"507","CALLAO","CALLAO","CARMEN DE LA LEGUA-REYNOSO",81,2334,2495,3.5,93.5,3.2
"508","CALLAO","CALLAO","CARMEN DE LA LEGUA REYNOSO",55,2334,2495,2.4,93.5,2.2
"509","CALLAO","CALLAO","LA PERLA",130,2334,2495,5.6,93.5,5.2
"510","CALLAO","CALLAO","LA PUNTA",15,2334,2495,0.6,93.5,0.6
"511","CALLAO","CALLAO","MI PERU",51,2334,2495,2.2,93.5,2
"512","CALLAO","CALLAO","VENTANILLA",393,2334,2495,16.8,93.5,15.8
"513","CALLAO","LIMA","CARABAYLLO",1,7,2495,14.3,0.3,0
"514","CALLAO","LIMA","LIMA",1,7,2495,14.3,0.3,0
"515","CALLAO","LIMA","PUENTE PIEDRA",1,7,2495,14.3,0.3,0
"516","CALLAO","LIMA","SAN MARTIN DE PORRES",3,7,2495,42.9,0.3,0.1
"517","CALLAO","LIMA","SAN MIGUEL",1,7,2495,14.3,0.3,0
"518","CALLAO","MORROPON","MORROPON",1,1,2495,100,0,0
"519","CUSCO","ACOMAYO","ACOMAYO",5,9,759,55.6,1.2,0.7
"520","CUSCO","ACOMAYO","ACOPIA",1,9,759,11.1,1.2,0.1
"521","CUSCO","ACOMAYO","ACOS",2,9,759,22.2,1.2,0.3
"522","CUSCO","ACOMAYO","SANGARARA",1,9,759,11.1,1.2,0.1
"523","CUSCO","ANTA","ANCAHUASI",4,34,759,11.8,4.5,0.5
"524","CUSCO","ANTA","ANTA",15,34,759,44.1,4.5,2
"525","CUSCO","ANTA","CACHIMAYO",1,34,759,2.9,4.5,0.1
"526","CUSCO","ANTA","HUAROCONDO",5,34,759,14.7,4.5,0.7
"527","CUSCO","ANTA","LIMATAMBO",1,34,759,2.9,4.5,0.1
"528","CUSCO","ANTA","MOLLEPATA",2,34,759,5.9,4.5,0.3
"529","CUSCO","ANTA","PUCYURA",3,34,759,8.8,4.5,0.4
"530","CUSCO","ANTA","ZURITE",3,34,759,8.8,4.5,0.4
"531","CUSCO","CALCA","CALCA",10,16,759,62.5,2.1,1.3
"532","CUSCO","CALCA","COYA",1,16,759,6.2,2.1,0.1
"533","CUSCO","CALCA","PISAC",4,16,759,25,2.1,0.5
"534","CUSCO","CALCA","YANATILE",1,16,759,6.2,2.1,0.1
"535","CUSCO","CANAS","CHECCA",2,14,759,14.3,1.8,0.3
"536","CUSCO","CANAS","KUNTURKANKI",3,14,759,21.4,1.8,0.4
"537","CUSCO","CANAS","LANGUI",1,14,759,7.1,1.8,0.1
"538","CUSCO","CANAS","LAYO",3,14,759,21.4,1.8,0.4
"539","CUSCO","CANAS","QUEHUE",2,14,759,14.3,1.8,0.3
"540","CUSCO","CANAS","TUPAC AMARU",1,14,759,7.1,1.8,0.1
"541","CUSCO","CANAS","YANAOCA",2,14,759,14.3,1.8,0.3
"542","CUSCO","CANCHIS","CHECACUPE",4,75,759,5.3,9.9,0.5
"543","CUSCO","CANCHIS","COMBAPATA",1,75,759,1.3,9.9,0.1
"544","CUSCO","CANCHIS","MARANGANI",3,75,759,4,9.9,0.4
"545","CUSCO","CANCHIS","PITUMARCA",2,75,759,2.7,9.9,0.3
"546","CUSCO","CANCHIS","SAN PABLO",4,75,759,5.3,9.9,0.5
"547","CUSCO","CANCHIS","SAN PEDRO",2,75,759,2.7,9.9,0.3
"548","CUSCO","CANCHIS","SICUANI",56,75,759,74.7,9.9,7.4
"549","CUSCO","CANCHIS","TINTA",3,75,759,4,9.9,0.4
"550","CUSCO","CHUMBIVILCAS","CHAMACA",2,28,759,7.1,3.7,0.3
"551","CUSCO","CHUMBIVILCAS","LIVITACA",2,28,759,7.1,3.7,0.3
"552","CUSCO","CHUMBIVILCAS","LLUSCO",2,28,759,7.1,3.7,0.3
"553","CUSCO","CHUMBIVILCAS","SANTO TOMAS",16,28,759,57.1,3.7,2.1
"554","CUSCO","CHUMBIVILCAS","VELILLE",6,28,759,21.4,3.7,0.8
"555","CUSCO","CUSCO","CCORCA",1,391,759,0.3,51.5,0.1
"556","CUSCO","CUSCO","CUSCO",117,391,759,29.9,51.5,15.4
"557","CUSCO","CUSCO","POROY",7,391,759,1.8,51.5,0.9
"558","CUSCO","CUSCO","SAN JERONIMO",27,391,759,6.9,51.5,3.6
"559","CUSCO","CUSCO","SAN SEBASTIAN",61,391,759,15.6,51.5,8
"560","CUSCO","CUSCO","SANTIAGO",89,391,759,22.8,51.5,11.7
"561","CUSCO","CUSCO","SAYLLA",3,391,759,0.8,51.5,0.4
"562","CUSCO","CUSCO","WANCHAQ",86,391,759,22,51.5,11.3
"563","CUSCO","ESPINAR","ALTO PICHIGUA",1,18,759,5.6,2.4,0.1
"564","CUSCO","ESPINAR","COPORAQUE",2,18,759,11.1,2.4,0.3
"565","CUSCO","ESPINAR","ESPINAR",13,18,759,72.2,2.4,1.7
"566","CUSCO","ESPINAR","PALLPATA",1,18,759,5.6,2.4,0.1
"567","CUSCO","ESPINAR","PICHIGUA",1,18,759,5.6,2.4,0.1
"568","CUSCO","LA CONVENCION","ECHARATE",10,94,759,10.6,12.4,1.3
"569","CUSCO","LA CONVENCION","HUAYOPATA",4,94,759,4.3,12.4,0.5
"570","CUSCO","LA CONVENCION","KIMBIRI",3,94,759,3.2,12.4,0.4
"571","CUSCO","LA CONVENCION","MARANURA",5,94,759,5.3,12.4,0.7
"572","CUSCO","LA CONVENCION","MEGANTONI",2,94,759,2.1,12.4,0.3
"573","CUSCO","LA CONVENCION","PICHARI",4,94,759,4.3,12.4,0.5
"574","CUSCO","LA CONVENCION","QUELLOUNO",3,94,759,3.2,12.4,0.4
"575","CUSCO","LA CONVENCION","SANTA ANA",60,94,759,63.8,12.4,7.9
"576","CUSCO","LA CONVENCION","SANTA TERESA",1,94,759,1.1,12.4,0.1
"577","CUSCO","LA CONVENCION","VILCABAMBA",1,94,759,1.1,12.4,0.1
"578","CUSCO","LA CONVENCION","VILLA VIRGEN",1,94,759,1.1,12.4,0.1
"579","CUSCO","PARURO","ACCHA",1,6,759,16.7,0.8,0.1
"580","CUSCO","PARURO","CCAPI",1,6,759,16.7,0.8,0.1
"581","CUSCO","PARURO","COLCHA",2,6,759,33.3,0.8,0.3
"582","CUSCO","PARURO","HUANOQUITE",1,6,759,16.7,0.8,0.1
"583","CUSCO","PARURO","PACCARITAMBO",1,6,759,16.7,0.8,0.1
"584","CUSCO","PAUCARTAMBO","CAICAY",1,6,759,16.7,0.8,0.1
"585","CUSCO","PAUCARTAMBO","HUANCARANI",1,6,759,16.7,0.8,0.1
"586","CUSCO","PAUCARTAMBO","KOS´.¢IPATA",1,6,759,16.7,0.8,0.1
"587","CUSCO","PAUCARTAMBO","PAUCARTAMBO",3,6,759,50,0.8,0.4
"588","CUSCO","QUISPICANCHI","ANDAHUAYLILLAS",3,37,759,8.1,4.9,0.4
"589","CUSCO","QUISPICANCHI","CAMANTI",1,37,759,2.7,4.9,0.1
"590","CUSCO","QUISPICANCHI","CCARHUAYO",1,37,759,2.7,4.9,0.1
"591","CUSCO","QUISPICANCHI","CCATCA",2,37,759,5.4,4.9,0.3
"592","CUSCO","QUISPICANCHI","CUSIPATA",6,37,759,16.2,4.9,0.8
"593","CUSCO","QUISPICANCHI","LUCRE",2,37,759,5.4,4.9,0.3
"594","CUSCO","QUISPICANCHI","OCONGATE",4,37,759,10.8,4.9,0.5
"595","CUSCO","QUISPICANCHI","OROPESA",5,37,759,13.5,4.9,0.7
"596","CUSCO","QUISPICANCHI","QUIQUIJANA",2,37,759,5.4,4.9,0.3
"597","CUSCO","QUISPICANCHI","URCOS",11,37,759,29.7,4.9,1.4
"598","CUSCO","URUBAMBA","CHINCHERO",5,31,759,16.1,4.1,0.7
"599","CUSCO","URUBAMBA","MARAS",3,31,759,9.7,4.1,0.4
"600","CUSCO","URUBAMBA","OLLANTAYTAMBO",5,31,759,16.1,4.1,0.7
"601","CUSCO","URUBAMBA","URUBAMBA",16,31,759,51.6,4.1,2.1
"602","CUSCO","URUBAMBA","YUCAY",2,31,759,6.5,4.1,0.3
"603","HUANCAVELICA","ACOBAMBA","ACOBAMBA",7,10,231,70,4.3,3
"604","HUANCAVELICA","ACOBAMBA","PAUCARA",3,10,231,30,4.3,1.3
"605","HUANCAVELICA","ANGARAES","ANCHONGA",2,25,231,8,10.8,0.9
"606","HUANCAVELICA","ANGARAES","CCOCHACCASA",1,25,231,4,10.8,0.4
"607","HUANCAVELICA","ANGARAES","CONGALLA",1,25,231,4,10.8,0.4
"608","HUANCAVELICA","ANGARAES","JULCAMARCA",2,25,231,8,10.8,0.9
"609","HUANCAVELICA","ANGARAES","LIRCAY",19,25,231,76,10.8,8.2
"610","HUANCAVELICA","CASTROVIRREYNA","ARMA",1,12,231,8.3,5.2,0.4
"611","HUANCAVELICA","CASTROVIRREYNA","AURAHUA",1,12,231,8.3,5.2,0.4
"612","HUANCAVELICA","CASTROVIRREYNA","CASTROVIRREYNA",2,12,231,16.7,5.2,0.9
"613","HUANCAVELICA","CASTROVIRREYNA","CHUPAMARCA",1,12,231,8.3,5.2,0.4
"614","HUANCAVELICA","CASTROVIRREYNA","COCAS",1,12,231,8.3,5.2,0.4
"615","HUANCAVELICA","CASTROVIRREYNA","HUACHOS",2,12,231,16.7,5.2,0.9
"616","HUANCAVELICA","CASTROVIRREYNA","SAN JUAN",1,12,231,8.3,5.2,0.4
"617","HUANCAVELICA","CASTROVIRREYNA","SANTA ANA",2,12,231,16.7,5.2,0.9
"618","HUANCAVELICA","CASTROVIRREYNA","TICRAPO",1,12,231,8.3,5.2,0.4
"619","HUANCAVELICA","CHURCAMPA","ANCO",3,15,231,20,6.5,1.3
"620","HUANCAVELICA","CHURCAMPA","CHINCHIHUASI",1,15,231,6.7,6.5,0.4
"621","HUANCAVELICA","CHURCAMPA","CHURCAMPA",4,15,231,26.7,6.5,1.7
"622","HUANCAVELICA","CHURCAMPA","LA MERCED",2,15,231,13.3,6.5,0.9
"623","HUANCAVELICA","CHURCAMPA","LOCROJA",2,15,231,13.3,6.5,0.9
"624","HUANCAVELICA","CHURCAMPA","PAUCARBAMBA",3,15,231,20,6.5,1.3
"625","HUANCAVELICA","HUANCAVELICA","ACOBAMBILLA",4,105,231,3.8,45.5,1.7
"626","HUANCAVELICA","HUANCAVELICA","ACORIA",8,105,231,7.6,45.5,3.5
"627","HUANCAVELICA","HUANCAVELICA","ASCENSION",7,105,231,6.7,45.5,3
"628","HUANCAVELICA","HUANCAVELICA","CONAYCA",2,105,231,1.9,45.5,0.9
"629","HUANCAVELICA","HUANCAVELICA","HUACHOCOLPA",1,105,231,1,45.5,0.4
"630","HUANCAVELICA","HUANCAVELICA","HUANCAVELICA",67,105,231,63.8,45.5,29
"631","HUANCAVELICA","HUANCAVELICA","HUANDO",4,105,231,3.8,45.5,1.7
"632","HUANCAVELICA","HUANCAVELICA","PALCA",3,105,231,2.9,45.5,1.3
"633","HUANCAVELICA","HUANCAVELICA","PILCHACA",2,105,231,1.9,45.5,0.9
"634","HUANCAVELICA","HUANCAVELICA","VILCA",3,105,231,2.9,45.5,1.3
"635","HUANCAVELICA","HUANCAVELICA","YAULI",4,105,231,3.8,45.5,1.7
"636","HUANCAVELICA","HUAROCHIRI","SANTA EULALIA",1,1,231,100,0.4,0.4
"637","HUANCAVELICA","HUAYTARA","AYAVI",2,20,231,10,8.7,0.9
"638","HUANCAVELICA","HUAYTARA","CORDOVA",3,20,231,15,8.7,1.3
"639","HUANCAVELICA","HUAYTARA","HUAYACUNDO ARMA",2,20,231,10,8.7,0.9
"640","HUANCAVELICA","HUAYTARA","HUAYTARA",3,20,231,15,8.7,1.3
"641","HUANCAVELICA","HUAYTARA","LARAMARCA",1,20,231,5,8.7,0.4
"642","HUANCAVELICA","HUAYTARA","QUITO ARMA",1,20,231,5,8.7,0.4
"643","HUANCAVELICA","HUAYTARA","SAN FRANCISCO DE SANGAYAICO",1,20,231,5,8.7,0.4
"644","HUANCAVELICA","HUAYTARA","SANTIAGO DE CHOCORVOS",6,20,231,30,8.7,2.6
"645","HUANCAVELICA","HUAYTARA","TAMBO",1,20,231,5,8.7,0.4
"646","HUANCAVELICA","TAYACAJA","<d1>AHUIMPUQUIO",2,43,231,4.7,18.6,0.9
"647","HUANCAVELICA","TAYACAJA","ACOSTAMBO",2,43,231,4.7,18.6,0.9
"648","HUANCAVELICA","TAYACAJA","ACRAQUIA",5,43,231,11.6,18.6,2.2
"649","HUANCAVELICA","TAYACAJA","AHUAYCHA",2,43,231,4.7,18.6,0.9
"650","HUANCAVELICA","TAYACAJA","COLCABAMBA",1,43,231,2.3,18.6,0.4
"651","HUANCAVELICA","TAYACAJA","DANIEL HERNANDEZ",3,43,231,7,18.6,1.3
"652","HUANCAVELICA","TAYACAJA","HUACHOCOLPA",1,43,231,2.3,18.6,0.4
"653","HUANCAVELICA","TAYACAJA","HUARIBAMBA",3,43,231,7,18.6,1.3
"654","HUANCAVELICA","TAYACAJA","PAMPAS",15,43,231,34.9,18.6,6.5
"655","HUANCAVELICA","TAYACAJA","PAZOS",1,43,231,2.3,18.6,0.4
"656","HUANCAVELICA","TAYACAJA","PICHOS",2,43,231,4.7,18.6,0.9
"657","HUANCAVELICA","TAYACAJA","QUICHUAS",1,43,231,2.3,18.6,0.4
"658","HUANCAVELICA","TAYACAJA","SALCABAMBA",3,43,231,7,18.6,1.3
"659","HUANCAVELICA","TAYACAJA","SAN MARCOS DE ROCCHAC",1,43,231,2.3,18.6,0.4
"660","HUANCAVELICA","TAYACAJA","SURCUBAMBA",1,43,231,2.3,18.6,0.4
"661","HUANUCO","AMBO","AMBO",20,37,764,54.1,4.8,2.6
"662","HUANUCO","AMBO","CAYNA",1,37,764,2.7,4.8,0.1
"663","HUANUCO","AMBO","COLPAS",1,37,764,2.7,4.8,0.1
"664","HUANUCO","AMBO","CONCHAMARCA",3,37,764,8.1,4.8,0.4
"665","HUANUCO","AMBO","HUACAR",6,37,764,16.2,4.8,0.8
"666","HUANUCO","AMBO","SAN RAFAEL",4,37,764,10.8,4.8,0.5
"667","HUANUCO","AMBO","TOMAY-KICHWA",1,37,764,2.7,4.8,0.1
"668","HUANUCO","AMBO","TOMAY KICHWA",1,37,764,2.7,4.8,0.1
"669","HUANUCO","DOS DE MAYO","APARICIO POMARES (CHUPAN)",1,23,764,4.3,3,0.1
"670","HUANUCO","DOS DE MAYO","CHUQUIS",1,23,764,4.3,3,0.1
"671","HUANUCO","DOS DE MAYO","HUALLANCA",1,23,764,4.3,3,0.1
"672","HUANUCO","DOS DE MAYO","LA UNION",6,23,764,26.1,3,0.8
"673","HUANUCO","DOS DE MAYO","PACHAS",4,23,764,17.4,3,0.5
"674","HUANUCO","DOS DE MAYO","QUIVILLA",1,23,764,4.3,3,0.1
"675","HUANUCO","DOS DE MAYO","RIPAN",4,23,764,17.4,3,0.5
"676","HUANUCO","DOS DE MAYO","RONDOS",1,23,764,4.3,3,0.1
"677","HUANUCO","DOS DE MAYO","SAN FRANCISCO DE ASIS",1,23,764,4.3,3,0.1
"678","HUANUCO","DOS DE MAYO","SILLAPATA",2,23,764,8.7,3,0.3
"679","HUANUCO","DOS DE MAYO","YANAS",1,23,764,4.3,3,0.1
"680","HUANUCO","HUACAYBAMBA","HUACAYBAMBA",3,4,764,75,0.5,0.4
"681","HUANUCO","HUACAYBAMBA","PINRA",1,4,764,25,0.5,0.1
"682","HUANUCO","HUAMALIES","JACAS GRANDE",2,22,764,9.1,2.9,0.3
"683","HUANUCO","HUAMALIES","LLATA",7,22,764,31.8,2.9,0.9
"684","HUANUCO","HUAMALIES","MIRAFLORES",1,22,764,4.5,2.9,0.1
"685","HUANUCO","HUAMALIES","MONZON",10,22,764,45.5,2.9,1.3
"686","HUANUCO","HUAMALIES","PU<d1>OS",2,22,764,9.1,2.9,0.3
"687","HUANUCO","HUANUCO","AMARILIS",112,462,764,24.2,60.5,14.7
"688","HUANUCO","HUANUCO","CHINCHAO",4,462,764,0.9,60.5,0.5
"689","HUANUCO","HUANUCO","CHURUBAMBA",4,462,764,0.9,60.5,0.5
"690","HUANUCO","HUANUCO","HUANUCO",266,462,764,57.6,60.5,34.8
"691","HUANUCO","HUANUCO","MARGOS",5,462,764,1.1,60.5,0.7
"692","HUANUCO","HUANUCO","PILLCO MARCA",42,462,764,9.1,60.5,5.5
"693","HUANUCO","HUANUCO","QUISQUI",3,462,764,0.6,60.5,0.4
"694","HUANUCO","HUANUCO","SAN FRANCISCO DE CAYRAN",5,462,764,1.1,60.5,0.7
"695","HUANUCO","HUANUCO","SAN PABLO DE PILLAO",2,462,764,0.4,60.5,0.3
"696","HUANUCO","HUANUCO","SAN PEDRO DE CHAULAN",1,462,764,0.2,60.5,0.1
"697","HUANUCO","HUANUCO","SANTA MARIA DEL VALLE",16,462,764,3.5,60.5,2.1
"698","HUANUCO","HUANUCO","YACUS",1,462,764,0.2,60.5,0.1
"699","HUANUCO","HUANUCO","YARUMAYO",1,462,764,0.2,60.5,0.1
"700","HUANUCO","LAURICOCHA","BA<d1>OS",2,7,764,28.6,0.9,0.3
"701","HUANUCO","LAURICOCHA","JESUS",1,7,764,14.3,0.9,0.1
"702","HUANUCO","LAURICOCHA","JIVIA",1,7,764,14.3,0.9,0.1
"703","HUANUCO","LAURICOCHA","RONDOS",1,7,764,14.3,0.9,0.1
"704","HUANUCO","LAURICOCHA","SAN FRANCISCO DE ASIS",2,7,764,28.6,0.9,0.3
"705","HUANUCO","LEONCIO PRADO","CASTILLO GRANDE",11,175,764,6.3,22.9,1.4
"706","HUANUCO","LEONCIO PRADO","DANIEL ALOMIA ROBLES",2,175,764,1.1,22.9,0.3
"707","HUANUCO","LEONCIO PRADO","HERMILIO VALDIZAN",2,175,764,1.1,22.9,0.3
"708","HUANUCO","LEONCIO PRADO","JOSE CRESPO Y CASTILLO",25,175,764,14.3,22.9,3.3
"709","HUANUCO","LEONCIO PRADO","LUYANDO",7,175,764,4,22.9,0.9
"710","HUANUCO","LEONCIO PRADO","MARIANO DAMASO BERAUN",6,175,764,3.4,22.9,0.8
"711","HUANUCO","LEONCIO PRADO","PUCAYACU",2,175,764,1.1,22.9,0.3
"712","HUANUCO","LEONCIO PRADO","PUEBLO NUEVO",1,175,764,0.6,22.9,0.1
"713","HUANUCO","LEONCIO PRADO","RUPA-RUPA",116,175,764,66.3,22.9,15.2
"714","HUANUCO","LEONCIO PRADO","RUPA RUPA",2,175,764,1.1,22.9,0.3
"715","HUANUCO","LEONCIO PRADO","SANTO DOMINGO DE ANDA",1,175,764,0.6,22.9,0.1
"716","HUANUCO","MARA<d1>ON","CHOLON",2,4,764,50,0.5,0.3
"717","HUANUCO","MARA<d1>ON","HUACRACHUCO",2,4,764,50,0.5,0.3
"718","HUANUCO","PACHITEA","CHAGLLA",2,14,764,14.3,1.8,0.3
"719","HUANUCO","PACHITEA","MOLINO",4,14,764,28.6,1.8,0.5
"720","HUANUCO","PACHITEA","PANAO",5,14,764,35.7,1.8,0.7
"721","HUANUCO","PACHITEA","UMARI",3,14,764,21.4,1.8,0.4
"722","HUANUCO","PUERTO INCA","CODO DEL POZUZO",2,9,764,22.2,1.2,0.3
"723","HUANUCO","PUERTO INCA","HONORIA",2,9,764,22.2,1.2,0.3
"724","HUANUCO","PUERTO INCA","PUERTO INCA",4,9,764,44.4,1.2,0.5
"725","HUANUCO","PUERTO INCA","TOURNAVISTA",1,9,764,11.1,1.2,0.1
"726","HUANUCO","YAROWILCA","CHAVINILLO",3,7,764,42.9,0.9,0.4
"727","HUANUCO","YAROWILCA","CHORAS",2,7,764,28.6,0.9,0.3
"728","HUANUCO","YAROWILCA","JACAS CHICO",1,7,764,14.3,0.9,0.1
"729","HUANUCO","YAROWILCA","PAMPAMARCA",1,7,764,14.3,0.9,0.1
"730","ICA","","",3,3,2277,100,0.1,0.1
"731","ICA","CHINCHA","ALTO LARAN",16,830,2277,1.9,36.5,0.7
"732","ICA","CHINCHA","CHAVIN",3,830,2277,0.4,36.5,0.1
"733","ICA","CHINCHA","CHINCHA ALTA",362,830,2277,43.6,36.5,15.9
"734","ICA","CHINCHA","CHINCHA BAJA",44,830,2277,5.3,36.5,1.9
"735","ICA","CHINCHA","EL CARMEN",20,830,2277,2.4,36.5,0.9
"736","ICA","CHINCHA","GROCIO PRADO",157,830,2277,18.9,36.5,6.9
"737","ICA","CHINCHA","PUEBLO NUEVO",110,830,2277,13.3,36.5,4.8
"738","ICA","CHINCHA","SAN JUAN DE YANAC",1,830,2277,0.1,36.5,0
"739","ICA","CHINCHA","SUNAMPE",104,830,2277,12.5,36.5,4.6
"740","ICA","CHINCHA","TAMBO DE MORA",13,830,2277,1.6,36.5,0.6
"741","ICA","ICA","ICA",459,920,2277,49.9,40.4,20.2
"742","ICA","ICA","LA TINGUI´.¢A",4,920,2277,0.4,40.4,0.2
"743","ICA","ICA","LA TINGUI<d1>A",72,920,2277,7.8,40.4,3.2
"744","ICA","ICA","LA TINGUINA",2,920,2277,0.2,40.4,0.1
"745","ICA","ICA","LOS AQUIJES",39,920,2277,4.2,40.4,1.7
"746","ICA","ICA","OCUCAJE",9,920,2277,1,40.4,0.4
"747","ICA","ICA","PACHACUTEC",27,920,2277,2.9,40.4,1.2
"748","ICA","ICA","PARCONA",93,920,2277,10.1,40.4,4.1
"749","ICA","ICA","PUEBLO NUEVO",14,920,2277,1.5,40.4,0.6
"750","ICA","ICA","SALAS",34,920,2277,3.7,40.4,1.5
"751","ICA","ICA","SAN JOSE DE LOS MOLINOS",17,920,2277,1.8,40.4,0.7
"752","ICA","ICA","SAN JUAN BAUTISTA",17,920,2277,1.8,40.4,0.7
"753","ICA","ICA","SANTIAGO",49,920,2277,5.3,40.4,2.2
"754","ICA","ICA","SUBTANJALLA",48,920,2277,5.2,40.4,2.1
"755","ICA","ICA","TATE",26,920,2277,2.8,40.4,1.1
"756","ICA","ICA","YAUCA DEL ROSARIO",10,920,2277,1.1,40.4,0.4
"757","ICA","NASCA","NASCA",2,2,2277,100,0.1,0.1
"758","ICA","NAZCA","CHANGUILLO",1,128,2277,0.8,5.6,0
"759","ICA","NAZCA","EL INGENIO",4,128,2277,3.1,5.6,0.2
"760","ICA","NAZCA","MARCONA",32,128,2277,25,5.6,1.4
"761","ICA","NAZCA","NAZCA",61,128,2277,47.7,5.6,2.7
"762","ICA","NAZCA","VISTA ALEGRE",30,128,2277,23.4,5.6,1.3
"763","ICA","PALPA","PALPA",29,44,2277,65.9,1.9,1.3
"764","ICA","PALPA","RIO GRANDE",12,44,2277,27.3,1.9,0.5
"765","ICA","PALPA","SANTA CRUZ",3,44,2277,6.8,1.9,0.1
"766","ICA","PISCO","HUANCANO",3,350,2277,0.9,15.4,0.1
"767","ICA","PISCO","HUMAY",9,350,2277,2.6,15.4,0.4
"768","ICA","PISCO","INDEPENDENCIA",15,350,2277,4.3,15.4,0.7
"769","ICA","PISCO","PARACAS",12,350,2277,3.4,15.4,0.5
"770","ICA","PISCO","PISCO",172,350,2277,49.1,15.4,7.6
"771","ICA","PISCO","SAN ANDRES",37,350,2277,10.6,15.4,1.6
"772","ICA","PISCO","SAN CLEMENTE",60,350,2277,17.1,15.4,2.6
"773","ICA","PISCO","TUPAC AMARU INCA",42,350,2277,12,15.4,1.8
"774","JUNIN","CHANCHAMAYO","CHANCHAMAYO",79,256,1537,30.9,16.7,5.1
"775","JUNIN","CHANCHAMAYO","PERENE",70,256,1537,27.3,16.7,4.6
"776","JUNIN","CHANCHAMAYO","PICHANAQUI",45,256,1537,17.6,16.7,2.9
"777","JUNIN","CHANCHAMAYO","SAN LUIS DE SHUARO",9,256,1537,3.5,16.7,0.6
"778","JUNIN","CHANCHAMAYO","SAN RAMON",53,256,1537,20.7,16.7,3.4
"779","JUNIN","CHUPACA","AHUAC",6,74,1537,8.1,4.8,0.4
"780","JUNIN","CHUPACA","CHONGOS BAJO",5,74,1537,6.8,4.8,0.3
"781","JUNIN","CHUPACA","CHUPACA",39,74,1537,52.7,4.8,2.5
"782","JUNIN","CHUPACA","HUACHAC",1,74,1537,1.4,4.8,0.1
"783","JUNIN","CHUPACA","HUAMANCACA CHICO",13,74,1537,17.6,4.8,0.8
"784","JUNIN","CHUPACA","SAN JUAN DE ISCOS",3,74,1537,4.1,4.8,0.2
"785","JUNIN","CHUPACA","SAN JUAN DE JARPA",2,74,1537,2.7,4.8,0.1
"786","JUNIN","CHUPACA","TRES DE DICIEMBRE",2,74,1537,2.7,4.8,0.1
"787","JUNIN","CHUPACA","YANACANCHA",3,74,1537,4.1,4.8,0.2
"788","JUNIN","CONCEPCION","ACO",3,51,1537,5.9,3.3,0.2
"789","JUNIN","CONCEPCION","ANDAMARCA",1,51,1537,2,3.3,0.1
"790","JUNIN","CONCEPCION","COMAS",13,51,1537,25.5,3.3,0.8
"791","JUNIN","CONCEPCION","CONCEPCION",15,51,1537,29.4,3.3,1
"792","JUNIN","CONCEPCION","HEROINAS TOLEDO",2,51,1537,3.9,3.3,0.1
"793","JUNIN","CONCEPCION","MANZANARES",2,51,1537,3.9,3.3,0.1
"794","JUNIN","CONCEPCION","MATAHUASI",1,51,1537,2,3.3,0.1
"795","JUNIN","CONCEPCION","MITO",2,51,1537,3.9,3.3,0.1
"796","JUNIN","CONCEPCION","NUEVE DE JULIO",1,51,1537,2,3.3,0.1
"797","JUNIN","CONCEPCION","ORCOTUNA",8,51,1537,15.7,3.3,0.5
"798","JUNIN","CONCEPCION","SAN JOSE DE QUERO",3,51,1537,5.9,3.3,0.2
"799","JUNIN","HUANCAYO","CARHUACALLANGA",2,760,1537,0.3,49.4,0.1
"800","JUNIN","HUANCAYO","CHACAPAMPA",1,760,1537,0.1,49.4,0.1
"801","JUNIN","HUANCAYO","CHICCHE",1,760,1537,0.1,49.4,0.1
"802","JUNIN","HUANCAYO","CHILCA",114,760,1537,15,49.4,7.4
"803","JUNIN","HUANCAYO","CHUPURO",1,760,1537,0.1,49.4,0.1
"804","JUNIN","HUANCAYO","COLCA",2,760,1537,0.3,49.4,0.1
"805","JUNIN","HUANCAYO","EL TAMBO",238,760,1537,31.3,49.4,15.5
"806","JUNIN","HUANCAYO","HUALHUAS",3,760,1537,0.4,49.4,0.2
"807","JUNIN","HUANCAYO","HUANCAN",14,760,1537,1.8,49.4,0.9
"808","JUNIN","HUANCAYO","HUANCAYO",288,760,1537,37.9,49.4,18.7
"809","JUNIN","HUANCAYO","HUAYUCACHI",5,760,1537,0.7,49.4,0.3
"810","JUNIN","HUANCAYO","PARIAHUANCA",1,760,1537,0.1,49.4,0.1
"811","JUNIN","HUANCAYO","PILCOMAYO",21,760,1537,2.8,49.4,1.4
"812","JUNIN","HUANCAYO","PUCARA",7,760,1537,0.9,49.4,0.5
"813","JUNIN","HUANCAYO","QUICHUAY",5,760,1537,0.7,49.4,0.3
"814","JUNIN","HUANCAYO","QUILCAS",3,760,1537,0.4,49.4,0.2
"815","JUNIN","HUANCAYO","SA<d1>O",4,760,1537,0.5,49.4,0.3
"816","JUNIN","HUANCAYO","SAN AGUSTIN",17,760,1537,2.2,49.4,1.1
"817","JUNIN","HUANCAYO","SAN JERONIMO DE TUNAN",10,760,1537,1.3,49.4,0.7
"818","JUNIN","HUANCAYO","SANTO DOMINGO DE ACOBAMBA",3,760,1537,0.4,49.4,0.2
"819","JUNIN","HUANCAYO","SAPALLANGA",16,760,1537,2.1,49.4,1
"820","JUNIN","HUANCAYO","SICAYA",2,760,1537,0.3,49.4,0.1
"821","JUNIN","HUANCAYO","VIQUES",2,760,1537,0.3,49.4,0.1
"822","JUNIN","JAUJA","ACOLLA",7,72,1537,9.7,4.7,0.5
"823","JUNIN","JAUJA","APATA",2,72,1537,2.8,4.7,0.1
"824","JUNIN","JAUJA","ATAURA",1,72,1537,1.4,4.7,0.1
"825","JUNIN","JAUJA","EL MANTARO",1,72,1537,1.4,4.7,0.1
"826","JUNIN","JAUJA","HUAMALI",3,72,1537,4.2,4.7,0.2
"827","JUNIN","JAUJA","HUERTAS",2,72,1537,2.8,4.7,0.1
"828","JUNIN","JAUJA","JAUJA",20,72,1537,27.8,4.7,1.3
"829","JUNIN","JAUJA","LEONOR ORDO<d1>EZ",1,72,1537,1.4,4.7,0.1
"830","JUNIN","JAUJA","LLOCLLAPAMPA",1,72,1537,1.4,4.7,0.1
"831","JUNIN","JAUJA","MARCO",2,72,1537,2.8,4.7,0.1
"832","JUNIN","JAUJA","MASMA",4,72,1537,5.6,4.7,0.3
"833","JUNIN","JAUJA","MOLINOS",2,72,1537,2.8,4.7,0.1
"834","JUNIN","JAUJA","MONOBAMBA",1,72,1537,1.4,4.7,0.1
"835","JUNIN","JAUJA","MUQUI",1,72,1537,1.4,4.7,0.1
"836","JUNIN","JAUJA","MUQUIYAUYO",2,72,1537,2.8,4.7,0.1
"837","JUNIN","JAUJA","PACA",4,72,1537,5.6,4.7,0.3
"838","JUNIN","JAUJA","PARCO",1,72,1537,1.4,4.7,0.1
"839","JUNIN","JAUJA","POMACANCHA",2,72,1537,2.8,4.7,0.1
"840","JUNIN","JAUJA","SAN LORENZO",2,72,1537,2.8,4.7,0.1
"841","JUNIN","JAUJA","SAUSA",4,72,1537,5.6,4.7,0.3
"842","JUNIN","JAUJA","YAULI",2,72,1537,2.8,4.7,0.1
"843","JUNIN","JAUJA","YAUYOS",7,72,1537,9.7,4.7,0.5
"844","JUNIN","JUNIN","CARHUAMAYO",9,39,1537,23.1,2.5,0.6
"845","JUNIN","JUNIN","JUN-N",4,39,1537,10.3,2.5,0.3
"846","JUNIN","JUNIN","JUNIN",17,39,1537,43.6,2.5,1.1
"847","JUNIN","JUNIN","ONDORES",5,39,1537,12.8,2.5,0.3
"848","JUNIN","JUNIN","ULCUMAYO",4,39,1537,10.3,2.5,0.3
"849","JUNIN","SATIPO","COVIRIALI",6,109,1537,5.5,7.1,0.4
"850","JUNIN","SATIPO","MAZAMARI",10,109,1537,9.2,7.1,0.7
"851","JUNIN","SATIPO","PANGOA",49,109,1537,45,7.1,3.2
"852","JUNIN","SATIPO","RIO NEGRO",10,109,1537,9.2,7.1,0.7
"853","JUNIN","SATIPO","RIO TAMBO",1,109,1537,0.9,7.1,0.1
"854","JUNIN","SATIPO","SATIPO",32,109,1537,29.4,7.1,2.1
"855","JUNIN","SATIPO","VIZCATAN DEL ENE",1,109,1537,0.9,7.1,0.1
"856","JUNIN","TARMA","ACOBAMBA",6,119,1537,5,7.7,0.4
"857","JUNIN","TARMA","HUASAHUASI",7,119,1537,5.9,7.7,0.5
"858","JUNIN","TARMA","LA UNION",5,119,1537,4.2,7.7,0.3
"859","JUNIN","TARMA","PALCA",2,119,1537,1.7,7.7,0.1
"860","JUNIN","TARMA","PALCAMAYO",7,119,1537,5.9,7.7,0.5
"861","JUNIN","TARMA","SAN PEDRO DE CAJAS",1,119,1537,0.8,7.7,0.1
"862","JUNIN","TARMA","TAPO",2,119,1537,1.7,7.7,0.1
"863","JUNIN","TARMA","TARMA",89,119,1537,74.8,7.7,5.8
"864","JUNIN","YAULI","CHACAPALPA",2,57,1537,3.5,3.7,0.1
"865","JUNIN","YAULI","LA OROYA",34,57,1537,59.6,3.7,2.2
"866","JUNIN","YAULI","MOROCOCHA",1,57,1537,1.8,3.7,0.1
"867","JUNIN","YAULI","PACCHA",3,57,1537,5.3,3.7,0.2
"868","JUNIN","YAULI","SANTA ROSA DE SACCO",11,57,1537,19.3,3.7,0.7
"869","JUNIN","YAULI","SUITUCANCHA",2,57,1537,3.5,3.7,0.1
"870","JUNIN","YAULI","YAULI",4,57,1537,7,3.7,0.3
"871","LA LIBERTAD","ASCOPE","ASCOPE",15,252,2863,6,8.8,0.5
"872","LA LIBERTAD","ASCOPE","CASA GRANDE",65,252,2863,25.8,8.8,2.3
"873","LA LIBERTAD","ASCOPE","CHICAMA",25,252,2863,9.9,8.8,0.9
"874","LA LIBERTAD","ASCOPE","CHOCOPE",36,252,2863,14.3,8.8,1.3
"875","LA LIBERTAD","ASCOPE","MAGDALENA DE CAO",7,252,2863,2.8,8.8,0.2
"876","LA LIBERTAD","ASCOPE","PAIJAN",34,252,2863,13.5,8.8,1.2
"877","LA LIBERTAD","ASCOPE","RAZURI",14,252,2863,5.6,8.8,0.5
"878","LA LIBERTAD","ASCOPE","SANTIAGO DE CAO",56,252,2863,22.2,8.8,2
"879","LA LIBERTAD","BOLIVAR","BAMBAMARCA",1,1,2863,100,0,0
"880","LA LIBERTAD","CHEPEN","CHEP+N",103,209,2863,49.3,7.3,3.6
"881","LA LIBERTAD","CHEPEN","CHEPEN",75,209,2863,35.9,7.3,2.6
"882","LA LIBERTAD","CHEPEN","PACANGA",18,209,2863,8.6,7.3,0.6
"883","LA LIBERTAD","CHEPEN","PUEBLO NUEVO",13,209,2863,6.2,7.3,0.5
"884","LA LIBERTAD","GRAN CHIMU","CASCAS",15,22,2863,68.2,0.8,0.5
"885","LA LIBERTAD","GRAN CHIMU","COMPIN",1,22,2863,4.5,0.8,0
"886","LA LIBERTAD","GRAN CHIMU","LUCMA",4,22,2863,18.2,0.8,0.1
"887","LA LIBERTAD","GRAN CHIMU","MARMOT",1,22,2863,4.5,0.8,0
"888","LA LIBERTAD","GRAN CHIMU","SAYAPULLO",1,22,2863,4.5,0.8,0
"889","LA LIBERTAD","JULCAN","CALAMARCA",2,8,2863,25,0.3,0.1
"890","LA LIBERTAD","JULCAN","CARABAMBA",4,8,2863,50,0.3,0.1
"891","LA LIBERTAD","JULCAN","JULCAN",2,8,2863,25,0.3,0.1
"892","LA LIBERTAD","OTUZCO","AGALLPAMPA",6,52,2863,11.5,1.8,0.2
"893","LA LIBERTAD","OTUZCO","CHARAT",1,52,2863,1.9,1.8,0
"894","LA LIBERTAD","OTUZCO","HUARANCHAL",1,52,2863,1.9,1.8,0
"895","LA LIBERTAD","OTUZCO","LA CUESTA",1,52,2863,1.9,1.8,0
"896","LA LIBERTAD","OTUZCO","MACHE",5,52,2863,9.6,1.8,0.2
"897","LA LIBERTAD","OTUZCO","OTUZCO",29,52,2863,55.8,1.8,1
"898","LA LIBERTAD","OTUZCO","SALPO",2,52,2863,3.8,1.8,0.1
"899","LA LIBERTAD","OTUZCO","SINSICAP",2,52,2863,3.8,1.8,0.1
"900","LA LIBERTAD","OTUZCO","USQUIL",5,52,2863,9.6,1.8,0.2
"901","LA LIBERTAD","PACASMAYO","GUADALUPE",70,167,2863,41.9,5.8,2.4
"902","LA LIBERTAD","PACASMAYO","JEQUETEPEQUE",3,167,2863,1.8,5.8,0.1
"903","LA LIBERTAD","PACASMAYO","PACASMAYO",60,167,2863,35.9,5.8,2.1
"904","LA LIBERTAD","PACASMAYO","SAN JOSE",9,167,2863,5.4,5.8,0.3
"905","LA LIBERTAD","PACASMAYO","SAN PEDRO DE LLOC",25,167,2863,15,5.8,0.9
"906","LA LIBERTAD","PATAZ","BULDIBUYO",1,24,2863,4.2,0.8,0
"907","LA LIBERTAD","PATAZ","CHILLIA",3,24,2863,12.5,0.8,0.1
"908","LA LIBERTAD","PATAZ","HUANCASPATA",1,24,2863,4.2,0.8,0
"909","LA LIBERTAD","PATAZ","PARCOY",7,24,2863,29.2,0.8,0.2
"910","LA LIBERTAD","PATAZ","PATAZ",6,24,2863,25,0.8,0.2
"911","LA LIBERTAD","PATAZ","PIAS",1,24,2863,4.2,0.8,0
"912","LA LIBERTAD","PATAZ","TAYABAMBA",4,24,2863,16.7,0.8,0.1
"913","LA LIBERTAD","PATAZ","URPAY",1,24,2863,4.2,0.8,0
"914","LA LIBERTAD","SANCHEZ CARRION","CHUGAY",2,28,2863,7.1,1,0.1
"915","LA LIBERTAD","SANCHEZ CARRION","CURGOS",2,28,2863,7.1,1,0.1
"916","LA LIBERTAD","SANCHEZ CARRION","HUAMACHUCO",15,28,2863,53.6,1,0.5
"917","LA LIBERTAD","SANCHEZ CARRION","MARCABAL",3,28,2863,10.7,1,0.1
"918","LA LIBERTAD","SANCHEZ CARRION","SANAGORAN",1,28,2863,3.6,1,0
"919","LA LIBERTAD","SANCHEZ CARRION","SARIN",1,28,2863,3.6,1,0
"920","LA LIBERTAD","SANCHEZ CARRION","SARTIMBAMBA",4,28,2863,14.3,1,0.1
"921","LA LIBERTAD","SANTIAGO DE CHUCO","ANGASMARCA",2,20,2863,10,0.7,0.1
"922","LA LIBERTAD","SANTIAGO DE CHUCO","CACHICADAN",3,20,2863,15,0.7,0.1
"923","LA LIBERTAD","SANTIAGO DE CHUCO","MOLLEBAMBA",1,20,2863,5,0.7,0
"924","LA LIBERTAD","SANTIAGO DE CHUCO","MOLLEPATA",1,20,2863,5,0.7,0
"925","LA LIBERTAD","SANTIAGO DE CHUCO","QUIRUVILCA",3,20,2863,15,0.7,0.1
"926","LA LIBERTAD","SANTIAGO DE CHUCO","SANTA CRUZ DE CHUCA",3,20,2863,15,0.7,0.1
"927","LA LIBERTAD","SANTIAGO DE CHUCO","SANTIAGO DE CHUCO",6,20,2863,30,0.7,0.2
"928","LA LIBERTAD","SANTIAGO DE CHUCO","SITABAMBA",1,20,2863,5,0.7,0
"929","LA LIBERTAD","TRUJILLO","EL PORVENIR",262,1983,2863,13.2,69.3,9.2
"930","LA LIBERTAD","TRUJILLO","FLORENCIA DE MORA",175,1983,2863,8.8,69.3,6.1
"931","LA LIBERTAD","TRUJILLO","HUANCHACO",68,1983,2863,3.4,69.3,2.4
"932","LA LIBERTAD","TRUJILLO","LA ESPERANZA",355,1983,2863,17.9,69.3,12.4
"933","LA LIBERTAD","TRUJILLO","LAREDO",95,1983,2863,4.8,69.3,3.3
"934","LA LIBERTAD","TRUJILLO","MOCHE",66,1983,2863,3.3,69.3,2.3
"935","LA LIBERTAD","TRUJILLO","POROTO",1,1983,2863,0.1,69.3,0
"936","LA LIBERTAD","TRUJILLO","SALAVERRY",36,1983,2863,1.8,69.3,1.3
"937","LA LIBERTAD","TRUJILLO","SIMBAL",6,1983,2863,0.3,69.3,0.2
"938","LA LIBERTAD","TRUJILLO","TRUJILLO",816,1983,2863,41.1,69.3,28.5
"939","LA LIBERTAD","TRUJILLO","VICTOR LARCO HERRERA",103,1983,2863,5.2,69.3,3.6
"940","LA LIBERTAD","VIRU","CHAO",26,97,2863,26.8,3.4,0.9
"941","LA LIBERTAD","VIRU","GUADALUPITO",10,97,2863,10.3,3.4,0.3
"942","LA LIBERTAD","VIRU","VIR+",21,97,2863,21.6,3.4,0.7
"943","LA LIBERTAD","VIRU","VIRU",40,97,2863,41.2,3.4,1.4
"944","LAMBAYEQUE","","",30,197,2157,15.2,9.1,1.4
"945","LAMBAYEQUE","","CAYALT<cd>",3,197,2157,1.5,9.1,0.1
"946","LAMBAYEQUE","","CAYALTI",1,197,2157,0.5,9.1,0
"947","LAMBAYEQUE","","CHICLAYO",61,197,2157,31,9.1,2.8
"948","LAMBAYEQUE","","CHONGOYAPE",4,197,2157,2,9.1,0.2
"949","LAMBAYEQUE","","ETEM",1,197,2157,0.5,9.1,0
"950","LAMBAYEQUE","","ETEN",1,197,2157,0.5,9.1,0
"951","LAMBAYEQUE","","FERRE<d1>AFE",5,197,2157,2.5,9.1,0.2
"952","LAMBAYEQUE","","ILLIMO",3,197,2157,1.5,9.1,0.1
"953","LAMBAYEQUE","","JAYANCA",5,197,2157,2.5,9.1,0.2
"954","LAMBAYEQUE","","JOSE LEONARDO ORTIZ",16,197,2157,8.1,9.1,0.7
"955","LAMBAYEQUE","","JOSE LEONARDO ORTIZ - CHICLAYO",1,197,2157,0.5,9.1,0
"956","LAMBAYEQUE","","LA VICTORIA",10,197,2157,5.1,9.1,0.5
"957","LAMBAYEQUE","","LAMBAYEQUE",9,197,2157,4.6,9.1,0.4
"958","LAMBAYEQUE","","MOCHUMI",6,197,2157,3,9.1,0.3
"959","LAMBAYEQUE","","MONSEF<da>",1,197,2157,0.5,9.1,0
"960","LAMBAYEQUE","","MONSEFU",3,197,2157,1.5,9.1,0.1
"961","LAMBAYEQUE","","MORROPE",8,197,2157,4.1,9.1,0.4
"962","LAMBAYEQUE","","MOTUPE",1,197,2157,0.5,9.1,0
"963","LAMBAYEQUE","","OLMOS",2,197,2157,1,9.1,0.1
"964","LAMBAYEQUE","","PACORA",4,197,2157,2,9.1,0.2
"965","LAMBAYEQUE","","PATAPO",4,197,2157,2,9.1,0.2
"966","LAMBAYEQUE","","PICSI",2,197,2157,1,9.1,0.1
"967","LAMBAYEQUE","","PIMENTEL",1,197,2157,0.5,9.1,0
"968","LAMBAYEQUE","","PITIPO",1,197,2157,0.5,9.1,0
"969","LAMBAYEQUE","","SALAS",2,197,2157,1,9.1,0.1
"970","LAMBAYEQUE","","SAN JOS<c9>",1,197,2157,0.5,9.1,0
"971","LAMBAYEQUE","","SANTA ROSA",5,197,2157,2.5,9.1,0.2
"972","LAMBAYEQUE","","TUCUME",5,197,2157,2.5,9.1,0.2
"973","LAMBAYEQUE","","TUMAN",1,197,2157,0.5,9.1,0
"974","LAMBAYEQUE","CHICLAYO","CAYALTI",21,1486,2157,1.4,68.9,1
"975","LAMBAYEQUE","CHICLAYO","CHICLAYO",755,1486,2157,50.8,68.9,35
"976","LAMBAYEQUE","CHICLAYO","CHONGOYAPE",19,1486,2157,1.3,68.9,0.9
"977","LAMBAYEQUE","CHICLAYO","ETEN",27,1486,2157,1.8,68.9,1.3
"978","LAMBAYEQUE","CHICLAYO","ETEN PUERTO",2,1486,2157,0.1,68.9,0.1
"979","LAMBAYEQUE","CHICLAYO","JOSE LEONARDO ORTIZ",236,1486,2157,15.9,68.9,10.9
"980","LAMBAYEQUE","CHICLAYO","LA VICTORIA",134,1486,2157,9,68.9,6.2
"981","LAMBAYEQUE","CHICLAYO","LAGUNAS",19,1486,2157,1.3,68.9,0.9
"982","LAMBAYEQUE","CHICLAYO","MONSEFU",42,1486,2157,2.8,68.9,1.9
"983","LAMBAYEQUE","CHICLAYO","NUEVA ARICA",2,1486,2157,0.1,68.9,0.1
"984","LAMBAYEQUE","CHICLAYO","OYOTUN",6,1486,2157,0.4,68.9,0.3
"985","LAMBAYEQUE","CHICLAYO","PATAPO",37,1486,2157,2.5,68.9,1.7
"986","LAMBAYEQUE","CHICLAYO","PICSI",20,1486,2157,1.3,68.9,0.9
"987","LAMBAYEQUE","CHICLAYO","PIMENTEL",41,1486,2157,2.8,68.9,1.9
"988","LAMBAYEQUE","CHICLAYO","POMALCA",34,1486,2157,2.3,68.9,1.6
"989","LAMBAYEQUE","CHICLAYO","PUCALA",20,1486,2157,1.3,68.9,0.9
"990","LAMBAYEQUE","CHICLAYO","REQUE",16,1486,2157,1.1,68.9,0.7
"991","LAMBAYEQUE","CHICLAYO","SA<d1>A",5,1486,2157,0.3,68.9,0.2
"992","LAMBAYEQUE","CHICLAYO","SANTA ROSA",18,1486,2157,1.2,68.9,0.8
"993","LAMBAYEQUE","CHICLAYO","TUMAN",32,1486,2157,2.2,68.9,1.5
"994","LAMBAYEQUE","EXTRANJERO","EXTRANJERO",1,1,2157,100,0,0
"995","LAMBAYEQUE","FERRE´.¢AFE","PITIPO",1,2,2157,50,0.1,0
"996","LAMBAYEQUE","FERRE´.¢AFE","PUEBLO NUEVO",1,2,2157,50,0.1,0
"997","LAMBAYEQUE","FERRE<d1>AFE","CA<d1>ARIS",2,149,2157,1.3,6.9,0.1
"998","LAMBAYEQUE","FERRE<d1>AFE","FERRE<d1>AFE",104,149,2157,69.8,6.9,4.8
"999","LAMBAYEQUE","FERRE<d1>AFE","INCAHUASI",3,149,2157,2,6.9,0.1
"1000","LAMBAYEQUE","FERRE<d1>AFE","MANUEL ANTONIO MESONES MURO",4,149,2157,2.7,6.9,0.2
"1001","LAMBAYEQUE","FERRE<d1>AFE","PITIPO",22,149,2157,14.8,6.9,1
"1002","LAMBAYEQUE","FERRE<d1>AFE","PUEBLO NUEVO",14,149,2157,9.4,6.9,0.6
"1003","LAMBAYEQUE","FERRENAFE","FERRENAFE",1,2,2157,50,0.1,0
"1004","LAMBAYEQUE","FERRENAFE","MANUEL ANTONIO MESONES MURO",1,2,2157,50,0.1,0
"1005","LAMBAYEQUE","LAMBAYEQUE","ILLIMO",20,318,2157,6.3,14.7,0.9
"1006","LAMBAYEQUE","LAMBAYEQUE","JAYANCA",16,318,2157,5,14.7,0.7
"1007","LAMBAYEQUE","LAMBAYEQUE","LAMBAYEQUE",96,318,2157,30.2,14.7,4.5
"1008","LAMBAYEQUE","LAMBAYEQUE","MOCHUMI",21,318,2157,6.6,14.7,1
"1009","LAMBAYEQUE","LAMBAYEQUE","MORROPE",24,318,2157,7.5,14.7,1.1
"1010","LAMBAYEQUE","LAMBAYEQUE","MOTUPE",38,318,2157,11.9,14.7,1.8
"1011","LAMBAYEQUE","LAMBAYEQUE","OLMOS",38,318,2157,11.9,14.7,1.8
"1012","LAMBAYEQUE","LAMBAYEQUE","PACORA",13,318,2157,4.1,14.7,0.6
"1013","LAMBAYEQUE","LAMBAYEQUE","SALAS",3,318,2157,0.9,14.7,0.1
"1014","LAMBAYEQUE","LAMBAYEQUE","SAN JOSE",11,318,2157,3.5,14.7,0.5
"1015","LAMBAYEQUE","LAMBAYEQUE","TUCUME",38,318,2157,11.9,14.7,1.8
"1016","LAMBAYEQUE","LIMA","SAN JUAN DE LURIGANCHO",1,1,2157,100,0,0
"1017","LAMBAYEQUE","PIURA","CASTILLA",1,1,2157,100,0,0
"1018","LIMA","","",102,129,20593,79.1,0.6,0.5
"1019","LIMA","","ANCON",1,129,20593,0.8,0.6,0
"1020","LIMA","","CARABAYLLO",1,129,20593,0.8,0.6,0
"1021","LIMA","","COMAS",3,129,20593,2.3,0.6,0
"1022","LIMA","","LA VICTORIA",2,129,20593,1.6,0.6,0
"1023","LIMA","","LIMA",1,129,20593,0.8,0.6,0
"1024","LIMA","","LOS OLIVOS",4,129,20593,3.1,0.6,0
"1025","LIMA","","PUENTE PIEDRA",1,129,20593,0.8,0.6,0
"1026","LIMA","","SAN JUAN DE LURIGANCHO",1,129,20593,0.8,0.6,0
"1027","LIMA","","SAN MARTIN DE PORRES",12,129,20593,9.3,0.6,0.1
"1028","LIMA","","SAN MIGUEL",1,129,20593,0.8,0.6,0
"1029","LIMA","BARRANCA","BARRANCA",159,301,20593,52.8,1.5,0.8
"1030","LIMA","BARRANCA","PARAMONGA",47,301,20593,15.6,1.5,0.2
"1031","LIMA","BARRANCA","PATIVILCA",33,301,20593,11,1.5,0.2
"1032","LIMA","BARRANCA","SUPE",38,301,20593,12.6,1.5,0.2
"1033","LIMA","BARRANCA","SUPE PUERTO",24,301,20593,8,1.5,0.1
"1034","LIMA","CA<d1>ETE","ASIA",5,421,20593,1.2,2,0
"1035","LIMA","CA<d1>ETE","CALANGO",2,421,20593,0.5,2,0
"1036","LIMA","CA<d1>ETE","CERRO AZUL",11,421,20593,2.6,2,0.1
"1037","LIMA","CA<d1>ETE","CHILCA",31,421,20593,7.4,2,0.2
"1038","LIMA","CA<d1>ETE","COAYLLO",9,421,20593,2.1,2,0
"1039","LIMA","CA<d1>ETE","IMPERIAL",87,421,20593,20.7,2,0.4
"1040","LIMA","CA<d1>ETE","LUNAHUANA",8,421,20593,1.9,2,0
"1041","LIMA","CA<d1>ETE","MALA",38,421,20593,9,2,0.2
"1042","LIMA","CA<d1>ETE","NUEVO IMPERIAL",28,421,20593,6.7,2,0.1
"1043","LIMA","CA<d1>ETE","PACARAN",1,421,20593,0.2,2,0
"1044","LIMA","CA<d1>ETE","QUILMANA",23,421,20593,5.5,2,0.1
"1045","LIMA","CA<d1>ETE","SAN ANTONIO",10,421,20593,2.4,2,0
"1046","LIMA","CA<d1>ETE","SAN LUIS",18,421,20593,4.3,2,0.1
"1047","LIMA","CA<d1>ETE","SAN VICENTE DE CA´.¢ETE",1,421,20593,0.2,2,0
"1048","LIMA","CA<d1>ETE","SAN VICENTE DE CA<d1>ETE",140,421,20593,33.3,2,0.7
"1049","LIMA","CA<d1>ETE","SANTA CRUZ DE FLORES",5,421,20593,1.2,2,0
"1050","LIMA","CA<d1>ETE","ZU<d1>IGA",4,421,20593,1,2,0
"1051","LIMA","CAJATAMBO","CAJATAMBO",1,2,20593,50,0,0
"1052","LIMA","CAJATAMBO","COPA",1,2,20593,50,0,0
"1053","LIMA","CANETE","ASIA",1,12,20593,8.3,0.1,0
"1054","LIMA","CANETE","CHILCA",2,12,20593,16.7,0.1,0
"1055","LIMA","CANETE","IMPERIAL",4,12,20593,33.3,0.1,0
"1056","LIMA","CANETE","LUNAHUANA",1,12,20593,8.3,0.1,0
"1057","LIMA","CANETE","MALA",3,12,20593,25,0.1,0
"1058","LIMA","CANETE","SAN LUIS",1,12,20593,8.3,0.1,0
"1059","LIMA","CANTA","ARAHUAY",2,19,20593,10.5,0.1,0
"1060","LIMA","CANTA","CANTA",7,19,20593,36.8,0.1,0
"1061","LIMA","CANTA","HUAMANTANGA",3,19,20593,15.8,0.1,0
"1062","LIMA","CANTA","HUAROS",2,19,20593,10.5,0.1,0
"1063","LIMA","CANTA","SAN BUENAVENTURA",1,19,20593,5.3,0.1,0
"1064","LIMA","CANTA","SANTA ROSA DE QUIVES",4,19,20593,21.1,0.1,0
"1065","LIMA","HUARAL","ATAVILLOS BAJO",5,418,20593,1.2,2,0
"1066","LIMA","HUARAL","AUCALLAMA",21,418,20593,5,2,0.1
"1067","LIMA","HUARAL","CHANCAY",145,418,20593,34.7,2,0.7
"1068","LIMA","HUARAL","HUARAL",236,418,20593,56.5,2,1.1
"1069","LIMA","HUARAL","IHUARI",4,418,20593,1,2,0
"1070","LIMA","HUARAL","LAMPIAN",2,418,20593,0.5,2,0
"1071","LIMA","HUARAL","SAN MIGUEL DE ACOS",1,418,20593,0.2,2,0
"1072","LIMA","HUARAL","SUMBILCA",3,418,20593,0.7,2,0
"1073","LIMA","HUARAL","VEINTISIETE DE NOVIEMBRE",1,418,20593,0.2,2,0
"1074","LIMA","HUAROCHIRI","ANTIOQUIA",1,121,20593,0.8,0.6,0
"1075","LIMA","HUAROCHIRI","CALLAHUANCA",1,121,20593,0.8,0.6,0
"1076","LIMA","HUAROCHIRI","CARAMPOMA",1,121,20593,0.8,0.6,0
"1077","LIMA","HUAROCHIRI","CASTA",2,121,20593,1.7,0.6,0
"1078","LIMA","HUAROCHIRI","CHICLA",2,121,20593,1.7,0.6,0
"1079","LIMA","HUAROCHIRI","HUANZA",1,121,20593,0.8,0.6,0
"1080","LIMA","HUAROCHIRI","HUAROCHIR-",1,121,20593,0.8,0.6,0
"1081","LIMA","HUAROCHIRI","HUAROCHIRI",14,121,20593,11.6,0.6,0.1
"1082","LIMA","HUAROCHIRI","LARAOS",1,121,20593,0.8,0.6,0
"1083","LIMA","HUAROCHIRI","MATUCANA",10,121,20593,8.3,0.6,0
"1084","LIMA","HUAROCHIRI","RICARDO PALMA",9,121,20593,7.4,0.6,0
"1085","LIMA","HUAROCHIRI","SAN ANTONIO",35,121,20593,28.9,0.6,0.2
"1086","LIMA","HUAROCHIRI","SAN BARTOLOME",1,121,20593,0.8,0.6,0
"1087","LIMA","HUAROCHIRI","SAN JOSE DE LOS CHORRILLOS",4,121,20593,3.3,0.6,0
"1088","LIMA","HUAROCHIRI","SAN MATEO",7,121,20593,5.8,0.6,0
"1089","LIMA","HUAROCHIRI","SAN MATEO DE OTAO",2,121,20593,1.7,0.6,0
"1090","LIMA","HUAROCHIRI","SAN PEDRO DE HUANCAYRE",2,121,20593,1.7,0.6,0
"1091","LIMA","HUAROCHIRI","SANTA CRUZ DE COCACHACRA",3,121,20593,2.5,0.6,0
"1092","LIMA","HUAROCHIRI","SANTA EULALIA",18,121,20593,14.9,0.6,0.1
"1093","LIMA","HUAROCHIRI","SANTO DOMINGO DE LOS OLLEROS",3,121,20593,2.5,0.6,0
"1094","LIMA","HUAROCHIRI","SURCO",3,121,20593,2.5,0.6,0
"1095","LIMA","HUAURA","AMBAR",3,609,20593,0.5,3,0
"1096","LIMA","HUAURA","CALETA DE CARQUIN",31,609,20593,5.1,3,0.2
"1097","LIMA","HUAURA","CHECRAS",3,609,20593,0.5,3,0
"1098","LIMA","HUAURA","HUACHO",242,609,20593,39.7,3,1.2
"1099","LIMA","HUAURA","HUALMAY",80,609,20593,13.1,3,0.4
"1100","LIMA","HUAURA","HUAURA",76,609,20593,12.5,3,0.4
"1101","LIMA","HUAURA","PACCHO",2,609,20593,0.3,3,0
"1102","LIMA","HUAURA","SANTA LEONOR",1,609,20593,0.2,3,0
"1103","LIMA","HUAURA","SANTA MARIA",104,609,20593,17.1,3,0.5
"1104","LIMA","HUAURA","SAYAN",34,609,20593,5.6,3,0.2
"1105","LIMA","HUAURA","VEGUETA",33,609,20593,5.4,3,0.2
"1106","LIMA","LIMA","ANCON",81,18517,20593,0.4,89.9,0.4
"1107","LIMA","LIMA","ATE",1023,18517,20593,5.5,89.9,5
"1108","LIMA","LIMA","BARRANCO",105,18517,20593,0.6,89.9,0.5
"1109","LIMA","LIMA","BRE´.¢A",10,18517,20593,0.1,89.9,0
"1110","LIMA","LIMA","BRE<d1>A",330,18517,20593,1.8,89.9,1.6
"1111","LIMA","LIMA","CARABAYLLO",423,18517,20593,2.3,89.9,2.1
"1112","LIMA","LIMA","CHACLACAYO",78,18517,20593,0.4,89.9,0.4
"1113","LIMA","LIMA","CHORRILLOS",634,18517,20593,3.4,89.9,3.1
"1114","LIMA","LIMA","CIENEGUILLA",27,18517,20593,0.1,89.9,0.1
"1115","LIMA","LIMA","COMAS",1216,18517,20593,6.6,89.9,5.9
"1116","LIMA","LIMA","EL AGUSTINO",573,18517,20593,3.1,89.9,2.8
"1117","LIMA","LIMA","INDEPENDENCIA",466,18517,20593,2.5,89.9,2.3
"1118","LIMA","LIMA","JESUS MARIA",347,18517,20593,1.9,89.9,1.7
"1119","LIMA","LIMA","LA MOLINA",207,18517,20593,1.1,89.9,1
"1120","LIMA","LIMA","LA VICTORIA",742,18517,20593,4,89.9,3.6
"1121","LIMA","LIMA","LIMA",1434,18517,20593,7.7,89.9,7
"1122","LIMA","LIMA","LINCE",194,18517,20593,1,89.9,0.9
"1123","LIMA","LIMA","LOS OLIVOS",619,18517,20593,3.3,89.9,3
"1124","LIMA","LIMA","LURIGANCHO",234,18517,20593,1.3,89.9,1.1
"1125","LIMA","LIMA","LURIN",138,18517,20593,0.7,89.9,0.7
"1126","LIMA","LIMA","MAGDALENA DEL MAR",124,18517,20593,0.7,89.9,0.6
"1127","LIMA","LIMA","MIRAFLORES",199,18517,20593,1.1,89.9,1
"1128","LIMA","LIMA","PACHACAMAC",110,18517,20593,0.6,89.9,0.5
"1129","LIMA","LIMA","PUCUSANA",29,18517,20593,0.2,89.9,0.1
"1130","LIMA","LIMA","PUEBLO LIBRE",208,18517,20593,1.1,89.9,1
"1131","LIMA","LIMA","PUENTE PIEDRA",424,18517,20593,2.3,89.9,2.1
"1132","LIMA","LIMA","PUNTA HERMOSA",10,18517,20593,0.1,89.9,0
"1133","LIMA","LIMA","PUNTA NEGRA",5,18517,20593,0,89.9,0
"1134","LIMA","LIMA","RIMAC",524,18517,20593,2.8,89.9,2.5
"1135","LIMA","LIMA","SAN BARTOLO",16,18517,20593,0.1,89.9,0.1
"1136","LIMA","LIMA","SAN BORJA",154,18517,20593,0.8,89.9,0.7
"1137","LIMA","LIMA","SAN ISIDRO",80,18517,20593,0.4,89.9,0.4
"1138","LIMA","LIMA","SAN JUAN DE LURIGANCHO",2056,18517,20593,11.1,89.9,10
"1139","LIMA","LIMA","SAN JUAN DE MIRAFLORES",814,18517,20593,4.4,89.9,4
"1140","LIMA","LIMA","SAN LUIS",111,18517,20593,0.6,89.9,0.5
"1141","LIMA","LIMA","SAN MARTIN DE PORRES",1320,18517,20593,7.1,89.9,6.4
"1142","LIMA","LIMA","SAN MIGUEL",247,18517,20593,1.3,89.9,1.2
"1143","LIMA","LIMA","SANTA ANITA",506,18517,20593,2.7,89.9,2.5
"1144","LIMA","LIMA","SANTA MARIA DEL MAR",2,18517,20593,0,89.9,0
"1145","LIMA","LIMA","SANTA ROSA",18,18517,20593,0.1,89.9,0.1
"1146","LIMA","LIMA","SANTIAGO DE SURCO",533,18517,20593,2.9,89.9,2.6
"1147","LIMA","LIMA","SURQUILLO",232,18517,20593,1.3,89.9,1.1
"1148","LIMA","LIMA","VILLA EL SALVADOR",1145,18517,20593,6.2,89.9,5.6
"1149","LIMA","LIMA","VILLA MARIA DEL TRIUNFO",769,18517,20593,4.2,89.9,3.7
"1150","LIMA","OYON","OYON",8,16,20593,50,0.1,0
"1151","LIMA","OYON","PACHANGARA",8,16,20593,50,0.1,0
"1152","LIMA","YAUYOS","CARANIA",1,28,20593,3.6,0.1,0
"1153","LIMA","YAUYOS","CATAHUASI",2,28,20593,7.1,0.1,0
"1154","LIMA","YAUYOS","CHOCOS",2,28,20593,7.1,0.1,0
"1155","LIMA","YAUYOS","COLONIA",2,28,20593,7.1,0.1,0
"1156","LIMA","YAUYOS","HONGOS",1,28,20593,3.6,0.1,0
"1157","LIMA","YAUYOS","HUA<d1>EC",2,28,20593,7.1,0.1,0
"1158","LIMA","YAUYOS","HUAMPARA",1,28,20593,3.6,0.1,0
"1159","LIMA","YAUYOS","HUANGASCAR",2,28,20593,7.1,0.1,0
"1160","LIMA","YAUYOS","HUANTAN",1,28,20593,3.6,0.1,0
"1161","LIMA","YAUYOS","LARAOS",1,28,20593,3.6,0.1,0
"1162","LIMA","YAUYOS","PUTINZA",3,28,20593,10.7,0.1,0
"1163","LIMA","YAUYOS","SAN PEDRO DE PILAS",1,28,20593,3.6,0.1,0
"1164","LIMA","YAUYOS","TAURIPAMPA",1,28,20593,3.6,0.1,0
"1165","LIMA","YAUYOS","TOMAS",1,28,20593,3.6,0.1,0
"1166","LIMA","YAUYOS","VI<d1>AC",1,28,20593,3.6,0.1,0
"1167","LIMA","YAUYOS","VITIS",1,28,20593,3.6,0.1,0
"1168","LIMA","YAUYOS","YAUYOS",5,28,20593,17.9,0.1,0
"1169","LORETO","","",67,169,1197,39.6,14.1,5.6
"1170","LORETO","","BELEN",4,169,1197,2.4,14.1,0.3
"1171","LORETO","","CONTAMANA",1,169,1197,0.6,14.1,0.1
"1172","LORETO","","IQUITOS",41,169,1197,24.3,14.1,3.4
"1173","LORETO","","NAPO",1,169,1197,0.6,14.1,0.1
"1174","LORETO","","NAUTA",1,169,1197,0.6,14.1,0.1
"1175","LORETO","","PUNCHANA",25,169,1197,14.8,14.1,2.1
"1176","LORETO","","RAMON CASTILLA",2,169,1197,1.2,14.1,0.2
"1177","LORETO","","SAN JUAN BAUTISTA",22,169,1197,13,14.1,1.8
"1178","LORETO","","VARGAS GUERRA",1,169,1197,0.6,14.1,0.1
"1179","LORETO","","YURIMAGUAS",4,169,1197,2.4,14.1,0.3
"1180","LORETO","ALTO AMAZONAS","JEBEROS",1,65,1197,1.5,5.4,0.1
"1181","LORETO","ALTO AMAZONAS","LAGUNAS",1,65,1197,1.5,5.4,0.1
"1182","LORETO","ALTO AMAZONAS","YURIMAGUAS",63,65,1197,96.9,5.4,5.3
"1183","LORETO","DATEM DEL MARA<d1>ON","ANDOAS",2,17,1197,11.8,1.4,0.2
"1184","LORETO","DATEM DEL MARA<d1>ON","BARRANCA",13,17,1197,76.5,1.4,1.1
"1185","LORETO","DATEM DEL MARA<d1>ON","MANSERICHE",2,17,1197,11.8,1.4,0.2
"1186","LORETO","DATEM DEL MARANON","BARRANCA",1,1,1197,100,0.1,0.1
"1187","LORETO","LORETO","NAUTA",44,59,1197,74.6,4.9,3.7
"1188","LORETO","LORETO","PARINARI",3,59,1197,5.1,4.9,0.3
"1189","LORETO","LORETO","TIGRE",2,59,1197,3.4,4.9,0.2
"1190","LORETO","LORETO","TROMPETEROS",8,59,1197,13.6,4.9,0.7
"1191","LORETO","LORETO","URARINAS",2,59,1197,3.4,4.9,0.2
"1192","LORETO","MARISCAL RAMON CASTILLA","PEBAS",12,60,1197,20,5,1
"1193","LORETO","MARISCAL RAMON CASTILLA","RAMON CASTILLA",33,60,1197,55,5,2.8
"1194","LORETO","MARISCAL RAMON CASTILLA","SAN PABLO",8,60,1197,13.3,5,0.7
"1195","LORETO","MARISCAL RAMON CASTILLA","YAVARI",7,60,1197,11.7,5,0.6
"1196","LORETO","MAYNAS","BELEN",69,727,1197,9.5,60.7,5.8
"1197","LORETO","MAYNAS","FERNANDO LORES",5,727,1197,0.7,60.7,0.4
"1198","LORETO","MAYNAS","INDIANA",14,727,1197,1.9,60.7,1.2
"1199","LORETO","MAYNAS","IQUITOS",392,727,1197,53.9,60.7,32.7
"1200","LORETO","MAYNAS","LAS AMAZONAS",3,727,1197,0.4,60.7,0.3
"1201","LORETO","MAYNAS","MAZAN",4,727,1197,0.6,60.7,0.3
"1202","LORETO","MAYNAS","NAPO",1,727,1197,0.1,60.7,0.1
"1203","LORETO","MAYNAS","PUNCHANA",124,727,1197,17.1,60.7,10.4
"1204","LORETO","MAYNAS","SAN JUAN BAUTISTA",115,727,1197,15.8,60.7,9.6
"1205","LORETO","PUTUMAYO","PUTUMAYO",5,5,1197,100,0.4,0.4
"1206","LORETO","REQUENA","CAPELO",3,49,1197,6.1,4.1,0.3
"1207","LORETO","REQUENA","JENARO HERRERA",8,49,1197,16.3,4.1,0.7
"1208","LORETO","REQUENA","MAQUIA",6,49,1197,12.2,4.1,0.5
"1209","LORETO","REQUENA","PUINAHUA",1,49,1197,2,4.1,0.1
"1210","LORETO","REQUENA","REQUENA",30,49,1197,61.2,4.1,2.5
"1211","LORETO","REQUENA","TAPICHE",1,49,1197,2,4.1,0.1
"1212","LORETO","UCAYALI","CONTAMANA",30,45,1197,66.7,3.8,2.5
"1213","LORETO","UCAYALI","INAHUAYA",2,45,1197,4.4,3.8,0.2
"1214","LORETO","UCAYALI","PADRE MARQUEZ",1,45,1197,2.2,3.8,0.1
"1215","LORETO","UCAYALI","SARAYACU",6,45,1197,13.3,3.8,0.5
"1216","LORETO","UCAYALI","VARGAS GUERRA",6,45,1197,13.3,3.8,0.5
"1217","MADRE DE DIOS","","",1,1,179,100,0.6,0.6
"1218","MADRE DE DIOS","MANU","FITZCARRALD",1,8,179,12.5,4.5,0.6
"1219","MADRE DE DIOS","MANU","HUEPETUHE",4,8,179,50,4.5,2.2
"1220","MADRE DE DIOS","MANU","MANU",3,8,179,37.5,4.5,1.7
"1221","MADRE DE DIOS","TAHUAMANU","I<d1>APARI",1,10,179,10,5.6,0.6
"1222","MADRE DE DIOS","TAHUAMANU","IBERIA",7,10,179,70,5.6,3.9
"1223","MADRE DE DIOS","TAHUAMANU","TAHUAMANU",2,10,179,20,5.6,1.1
"1224","MADRE DE DIOS","TAMBOPATA","INAMBARI",6,160,179,3.8,89.4,3.4
"1225","MADRE DE DIOS","TAMBOPATA","LABERINTO",4,160,179,2.5,89.4,2.2
"1226","MADRE DE DIOS","TAMBOPATA","LAS PIEDRAS",2,160,179,1.2,89.4,1.1
"1227","MADRE DE DIOS","TAMBOPATA","TAMBOPATA",148,160,179,92.5,89.4,82.7
"1228","MOQUEGUA","GENERAL SANCHEZ CERRO","CHOJATA",1,16,457,6.2,3.5,0.2
"1229","MOQUEGUA","GENERAL SANCHEZ CERRO","ICHU<d1>A",2,16,457,12.5,3.5,0.4
"1230","MOQUEGUA","GENERAL SANCHEZ CERRO","LA CAPILLA",2,16,457,12.5,3.5,0.4
"1231","MOQUEGUA","GENERAL SANCHEZ CERRO","MATALAQUE",3,16,457,18.8,3.5,0.7
"1232","MOQUEGUA","GENERAL SANCHEZ CERRO","OMATE",6,16,457,37.5,3.5,1.3
"1233","MOQUEGUA","GENERAL SANCHEZ CERRO","PUQUINA",1,16,457,6.2,3.5,0.2
"1234","MOQUEGUA","GENERAL SANCHEZ CERRO","QUINISTAQUILLAS",1,16,457,6.2,3.5,0.2
"1235","MOQUEGUA","ILO","EL ALGARROBAL",2,250,457,0.8,54.7,0.4
"1236","MOQUEGUA","ILO","ILO",237,250,457,94.8,54.7,51.9
"1237","MOQUEGUA","ILO","PACOCHA",11,250,457,4.4,54.7,2.4
"1238","MOQUEGUA","MARISCAL NIETO","CARUMAS",4,191,457,2.1,41.8,0.9
"1239","MOQUEGUA","MARISCAL NIETO","MOQUEGUA",162,191,457,84.8,41.8,35.4
"1240","MOQUEGUA","MARISCAL NIETO","SAMEGUA",11,191,457,5.8,41.8,2.4
"1241","MOQUEGUA","MARISCAL NIETO","SAN CRISTOBAL",5,191,457,2.6,41.8,1.1
"1242","MOQUEGUA","MARISCAL NIETO","TORATA",9,191,457,4.7,41.8,2
"1243","PASCO","","",2,2,244,100,0.8,0.8
"1244","PASCO","DANIEL ALCIDES CARRION","CHACAYAN",1,34,244,2.9,13.9,0.4
"1245","PASCO","DANIEL ALCIDES CARRION","GOYLLARISQUIZGA",3,34,244,8.8,13.9,1.2
"1246","PASCO","DANIEL ALCIDES CARRION","PAUCAR",3,34,244,8.8,13.9,1.2
"1247","PASCO","DANIEL ALCIDES CARRION","SAN PEDRO DE PILLAO",1,34,244,2.9,13.9,0.4
"1248","PASCO","DANIEL ALCIDES CARRION","SANTA ANA DE TUSI",7,34,244,20.6,13.9,2.9
"1249","PASCO","DANIEL ALCIDES CARRION","TAPUC",5,34,244,14.7,13.9,2
"1250","PASCO","DANIEL ALCIDES CARRION","VILCABAMBA",1,34,244,2.9,13.9,0.4
"1251","PASCO","DANIEL ALCIDES CARRION","YANAHUANCA",13,34,244,38.2,13.9,5.3
"1252","PASCO","OXAPAMPA","CHONTABAMBA",6,71,244,8.5,29.1,2.5
"1253","PASCO","OXAPAMPA","CIUDAD CONSTITUCION",5,71,244,7,29.1,2
"1254","PASCO","OXAPAMPA","CONSTITUCION",5,71,244,7,29.1,2
"1255","PASCO","OXAPAMPA","HUANCABAMBA",1,71,244,1.4,29.1,0.4
"1256","PASCO","OXAPAMPA","OXAPAMPA",11,71,244,15.5,29.1,4.5
"1257","PASCO","OXAPAMPA","PALCAZU",3,71,244,4.2,29.1,1.2
"1258","PASCO","OXAPAMPA","POZUZO",1,71,244,1.4,29.1,0.4
"1259","PASCO","OXAPAMPA","PUERTO BERMUDEZ",11,71,244,15.5,29.1,4.5
"1260","PASCO","OXAPAMPA","VILLA RICA",28,71,244,39.4,29.1,11.5
"1261","PASCO","PASCO","CHAUPIMARCA",37,137,244,27,56.1,15.2
"1262","PASCO","PASCO","HUACHON",3,137,244,2.2,56.1,1.2
"1263","PASCO","PASCO","HUARIACA",15,137,244,10.9,56.1,6.1
"1264","PASCO","PASCO","HUAYLLAY",8,137,244,5.8,56.1,3.3
"1265","PASCO","PASCO","NINACACA",3,137,244,2.2,56.1,1.2
"1266","PASCO","PASCO","OXAPAMPA",1,137,244,0.7,56.1,0.4
"1267","PASCO","PASCO","PALLANCHACRA",1,137,244,0.7,56.1,0.4
"1268","PASCO","PASCO","PAUCARTAMBO",15,137,244,10.9,56.1,6.1
"1269","PASCO","PASCO","SAN FCO DE ASIS DE YARUSYACAN",2,137,244,1.5,56.1,0.8
"1270","PASCO","PASCO","SIMON BOLIVAR",8,137,244,5.8,56.1,3.3
"1271","PASCO","PASCO","TICLACAYAN",2,137,244,1.5,56.1,0.8
"1272","PASCO","PASCO","TINYAHUARCO",8,137,244,5.8,56.1,3.3
"1273","PASCO","PASCO","VICCO",9,137,244,6.6,56.1,3.7
"1274","PASCO","PASCO","YANACANCHA",25,137,244,18.2,56.1,10.2
"1275","PIURA","AYABACA","AYABACA",15,54,2425,27.8,2.2,0.6
"1276","PIURA","AYABACA","FRIAS",6,54,2425,11.1,2.2,0.2
"1277","PIURA","AYABACA","JILILI",3,54,2425,5.6,2.2,0.1
"1278","PIURA","AYABACA","MONTERO",3,54,2425,5.6,2.2,0.1
"1279","PIURA","AYABACA","PACAIPAMPA",6,54,2425,11.1,2.2,0.2
"1280","PIURA","AYABACA","PAIMAS",8,54,2425,14.8,2.2,0.3
"1281","PIURA","AYABACA","SAPILLICA",6,54,2425,11.1,2.2,0.2
"1282","PIURA","AYABACA","SICCHEZ",1,54,2425,1.9,2.2,0
"1283","PIURA","AYABACA","SUYO",6,54,2425,11.1,2.2,0.2
"1284","PIURA","HUANCABAMBA","CANCHAQUE",5,36,2425,13.9,1.5,0.2
"1285","PIURA","HUANCABAMBA","HUANCABAMBA",15,36,2425,41.7,1.5,0.6
"1286","PIURA","HUANCABAMBA","HUARMACA",5,36,2425,13.9,1.5,0.2
"1287","PIURA","HUANCABAMBA","LALAQUIZ",3,36,2425,8.3,1.5,0.1
"1288","PIURA","HUANCABAMBA","SAN MIGUEL DE EL FAIQUE",4,36,2425,11.1,1.5,0.2
"1289","PIURA","HUANCABAMBA","SONDORILLO",4,36,2425,11.1,1.5,0.2
"1290","PIURA","MORROPON","BUENOS AIRES",5,266,2425,1.9,11,0.2
"1291","PIURA","MORROPON","CHALACO",2,266,2425,0.8,11,0.1
"1292","PIURA","MORROPON","CHULUCANAS",225,266,2425,84.6,11,9.3
"1293","PIURA","MORROPON","LA MATANZA",6,266,2425,2.3,11,0.2
"1294","PIURA","MORROPON","MORROPON",13,266,2425,4.9,11,0.5
"1295","PIURA","MORROPON","SALITRAL",2,266,2425,0.8,11,0.1
"1296","PIURA","MORROPON","SALITRAL (DIRESA PIURA)",1,266,2425,0.4,11,0
"1297","PIURA","MORROPON","SAN JUAN DE BIGOTE",8,266,2425,3,11,0.3
"1298","PIURA","MORROPON","SANTO DOMINGO",2,266,2425,0.8,11,0.1
"1299","PIURA","MORROPON","YAMANGO",2,266,2425,0.8,11,0.1
"1300","PIURA","PAITA","AMOTAPE",8,289,2425,2.8,11.9,0.3
"1301","PIURA","PAITA","COLAN",28,289,2425,9.7,11.9,1.2
"1302","PIURA","PAITA","LA HUACA",21,289,2425,7.3,11.9,0.9
"1303","PIURA","PAITA","PAITA",214,289,2425,74,11.9,8.8
"1304","PIURA","PAITA","TAMARINDO",7,289,2425,2.4,11.9,0.3
"1305","PIURA","PAITA","VICHAYAL",11,289,2425,3.8,11.9,0.5
"1306","PIURA","PIURA","CASTILLA",243,1022,2425,23.8,42.1,10
"1307","PIURA","PIURA","CATACAOS",82,1022,2425,8,42.1,3.4
"1308","PIURA","PIURA","CURA MORI",13,1022,2425,1.3,42.1,0.5
"1309","PIURA","PIURA","EL TALLAN",5,1022,2425,0.5,42.1,0.2
"1310","PIURA","PIURA","LA ARENA",32,1022,2425,3.1,42.1,1.3
"1311","PIURA","PIURA","LA UNION",36,1022,2425,3.5,42.1,1.5
"1312","PIURA","PIURA","LAS LOMAS",25,1022,2425,2.4,42.1,1
"1313","PIURA","PIURA","PIURA",324,1022,2425,31.7,42.1,13.4
"1314","PIURA","PIURA","TAMBO GRANDE",68,1022,2425,6.7,42.1,2.8
"1315","PIURA","PIURA","VEINTIS<c9>IS DE OCTUBRE",109,1022,2425,10.7,42.1,4.5
"1316","PIURA","PIURA","VEINTISEIS DE OCTUBRE",85,1022,2425,8.3,42.1,3.5
"1317","PIURA","SECHURA","BELLAVISTA DE LA UNION",7,84,2425,8.3,3.5,0.3
"1318","PIURA","SECHURA","BERNAL",11,84,2425,13.1,3.5,0.5
"1319","PIURA","SECHURA","CRISTO NOS VALGA",1,84,2425,1.2,3.5,0
"1320","PIURA","SECHURA","RINCONADA-LLICUAR",2,84,2425,2.4,3.5,0.1
"1321","PIURA","SECHURA","RINCONADA LLICUAR",1,84,2425,1.2,3.5,0
"1322","PIURA","SECHURA","SECHURA",48,84,2425,57.1,3.5,2
"1323","PIURA","SECHURA","VICE",14,84,2425,16.7,3.5,0.6
"1324","PIURA","SULLANA","BELLAVISTA",84,500,2425,16.8,20.6,3.5
"1325","PIURA","SULLANA","IGNACIO ESCUDERO",22,500,2425,4.4,20.6,0.9
"1326","PIURA","SULLANA","LANCONES",6,500,2425,1.2,20.6,0.2
"1327","PIURA","SULLANA","MARCAVELICA",30,500,2425,6,20.6,1.2
"1328","PIURA","SULLANA","MIGUEL CHECA",12,500,2425,2.4,20.6,0.5
"1329","PIURA","SULLANA","QUERECOTILLO",36,500,2425,7.2,20.6,1.5
"1330","PIURA","SULLANA","SALITRAL",9,500,2425,1.8,20.6,0.4
"1331","PIURA","SULLANA","SALITRAL (LUCIANO CASTILLO)",1,500,2425,0.2,20.6,0
"1332","PIURA","SULLANA","SULLANA",300,500,2425,60,20.6,12.4
"1333","PIURA","TALARA","EL ALTO",13,174,2425,7.5,7.2,0.5
"1334","PIURA","TALARA","LA BREA",15,174,2425,8.6,7.2,0.6
"1335","PIURA","TALARA","LOBITOS",1,174,2425,0.6,7.2,0
"1336","PIURA","TALARA","LOS ORGANOS",14,174,2425,8,7.2,0.6
"1337","PIURA","TALARA","MANCORA",19,174,2425,10.9,7.2,0.8
"1338","PIURA","TALARA","PARI<d1>AS",112,174,2425,64.4,7.2,4.6
"1339","PUNO","AZANGARO","ARAPA",2,32,630,6.2,5.1,0.3
"1340","PUNO","AZANGARO","ASILLO",5,32,630,15.6,5.1,0.8
"1341","PUNO","AZANGARO","AZ-NGARO",4,32,630,12.5,5.1,0.6
"1342","PUNO","AZANGARO","AZANGARO",10,32,630,31.2,5.1,1.6
"1343","PUNO","AZANGARO","CAMINACA",1,32,630,3.1,5.1,0.2
"1344","PUNO","AZANGARO","CHUPA",2,32,630,6.2,5.1,0.3
"1345","PUNO","AZANGARO","MU<d1>ANI",1,32,630,3.1,5.1,0.2
"1346","PUNO","AZANGARO","POTONI",1,32,630,3.1,5.1,0.2
"1347","PUNO","AZANGARO","SAMAN",3,32,630,9.4,5.1,0.5
"1348","PUNO","AZANGARO","SAN ANTON",1,32,630,3.1,5.1,0.2
"1349","PUNO","AZANGARO","TIRAPATA",2,32,630,6.2,5.1,0.3
"1350","PUNO","CARABAYA","AJOYANI",1,16,630,6.2,2.5,0.2
"1351","PUNO","CARABAYA","AYAPATA",2,16,630,12.5,2.5,0.3
"1352","PUNO","CARABAYA","CORANI",2,16,630,12.5,2.5,0.3
"1353","PUNO","CARABAYA","CRUCERO",1,16,630,6.2,2.5,0.2
"1354","PUNO","CARABAYA","ITUATA",1,16,630,6.2,2.5,0.2
"1355","PUNO","CARABAYA","MACUSANI",6,16,630,37.5,2.5,1
"1356","PUNO","CARABAYA","OLLACHEA",1,16,630,6.2,2.5,0.2
"1357","PUNO","CARABAYA","SAN GABAN",2,16,630,12.5,2.5,0.3
"1358","PUNO","CHUCUITO","DESAGUADERO",5,13,630,38.5,2.1,0.8
"1359","PUNO","CHUCUITO","HUACULLANI",1,13,630,7.7,2.1,0.2
"1360","PUNO","CHUCUITO","JULI",4,13,630,30.8,2.1,0.6
"1361","PUNO","CHUCUITO","POMATA",3,13,630,23.1,2.1,0.5
"1362","PUNO","EL COLLAO","CAPASO",1,21,630,4.8,3.3,0.2
"1363","PUNO","EL COLLAO","CAPAZO",1,21,630,4.8,3.3,0.2
"1364","PUNO","EL COLLAO","ILAVE",15,21,630,71.4,3.3,2.4
"1365","PUNO","EL COLLAO","PILCUYO",4,21,630,19,3.3,0.6
"1366","PUNO","HUANCANE","COJATA",1,43,630,2.3,6.8,0.2
"1367","PUNO","HUANCANE","HUANCAN+",4,43,630,9.3,6.8,0.6
"1368","PUNO","HUANCANE","HUANCANE",21,43,630,48.8,6.8,3.3
"1369","PUNO","HUANCANE","INCHUPALLA",3,43,630,7,6.8,0.5
"1370","PUNO","HUANCANE","PUSI",2,43,630,4.7,6.8,0.3
"1371","PUNO","HUANCANE","ROSASPATA",3,43,630,7,6.8,0.5
"1372","PUNO","HUANCANE","TARACO",3,43,630,7,6.8,0.5
"1373","PUNO","HUANCANE","VILQUE CHICO",6,43,630,14,6.8,1
"1374","PUNO","LAMPA","CABANILLA",3,15,630,20,2.4,0.5
"1375","PUNO","LAMPA","LAMPA",3,15,630,20,2.4,0.5
"1376","PUNO","LAMPA","NICASIO",1,15,630,6.7,2.4,0.2
"1377","PUNO","LAMPA","OCUVIRI",2,15,630,13.3,2.4,0.3
"1378","PUNO","LAMPA","PUCARA",1,15,630,6.7,2.4,0.2
"1379","PUNO","LAMPA","SANTA LUCIA",5,15,630,33.3,2.4,0.8
"1380","PUNO","MELGAR","AYAVIRI",14,22,630,63.6,3.5,2.2
"1381","PUNO","MELGAR","MACARI",2,22,630,9.1,3.5,0.3
"1382","PUNO","MELGAR","NU<d1>OA",4,22,630,18.2,3.5,0.6
"1383","PUNO","MELGAR","ORURILLO",2,22,630,9.1,3.5,0.3
"1384","PUNO","MOHO","CONIMA",2,8,630,25,1.3,0.3
"1385","PUNO","MOHO","MOHO",5,8,630,62.5,1.3,0.8
"1386","PUNO","MOHO","TILALI",1,8,630,12.5,1.3,0.2
"1387","PUNO","PUNO","ACORA",6,190,630,3.2,30.2,1
"1388","PUNO","PUNO","ATUNCOLLA",1,190,630,0.5,30.2,0.2
"1389","PUNO","PUNO","CAPACHICA",3,190,630,1.6,30.2,0.5
"1390","PUNO","PUNO","CHUCUITO",3,190,630,1.6,30.2,0.5
"1391","PUNO","PUNO","COATA",4,190,630,2.1,30.2,0.6
"1392","PUNO","PUNO","MA<d1>AZO",1,190,630,0.5,30.2,0.2
"1393","PUNO","PUNO","PAUCARCOLLA",3,190,630,1.6,30.2,0.5
"1394","PUNO","PUNO","PICHACANI",3,190,630,1.6,30.2,0.5
"1395","PUNO","PUNO","PLATERIA",1,190,630,0.5,30.2,0.2
"1396","PUNO","PUNO","PUNO",161,190,630,84.7,30.2,25.6
"1397","PUNO","PUNO","SAN ANTONIO",2,190,630,1.1,30.2,0.3
"1398","PUNO","PUNO","VILQUE",2,190,630,1.1,30.2,0.3
"1399","PUNO","SAN ANTONIO DE PUTINA","ANANEA",3,10,630,30,1.6,0.5
"1400","PUNO","SAN ANTONIO DE PUTINA","PEDRO VILCA APAZA",1,10,630,10,1.6,0.2
"1401","PUNO","SAN ANTONIO DE PUTINA","PUTINA",6,10,630,60,1.6,1
"1402","PUNO","SAN ROMAN","CABANA",2,213,630,0.9,33.8,0.3
"1403","PUNO","SAN ROMAN","CABANILLAS",5,213,630,2.3,33.8,0.8
"1404","PUNO","SAN ROMAN","CARACOTO",4,213,630,1.9,33.8,0.6
"1405","PUNO","SAN ROMAN","JULIACA",195,213,630,91.5,33.8,31
"1406","PUNO","SAN ROMAN","SAN MIGUEL",7,213,630,3.3,33.8,1.1
"1407","PUNO","SANDIA","ALTO INAMBARI",2,18,630,11.1,2.9,0.3
"1408","PUNO","SANDIA","CUYOCUYO",1,18,630,5.6,2.9,0.2
"1409","PUNO","SANDIA","PATAMBUCO",1,18,630,5.6,2.9,0.2
"1410","PUNO","SANDIA","SAN JUAN DEL ORO",7,18,630,38.9,2.9,1.1
"1411","PUNO","SANDIA","SAN PEDRO DE PUTINA PUNCO",1,18,630,5.6,2.9,0.2
"1412","PUNO","SANDIA","SANDIA",5,18,630,27.8,2.9,0.8
"1413","PUNO","SANDIA","YANAHUAYA",1,18,630,5.6,2.9,0.2
"1414","PUNO","YUNGUYO","COPANI",2,29,630,6.9,4.6,0.3
"1415","PUNO","YUNGUYO","TINICACHI",1,29,630,3.4,4.6,0.2
"1416","PUNO","YUNGUYO","UNICACHI",3,29,630,10.3,4.6,0.5
"1417","PUNO","YUNGUYO","YUNGUYO",23,29,630,79.3,4.6,3.7
"1418","SAN MARTIN","","",9,10,895,90,1.1,1
"1419","SAN MARTIN","","MOYOBAMBA",1,10,895,10,1.1,0.1
"1420","SAN MARTIN","BELLAVISTA","ALTO BIAVO",1,39,895,2.6,4.4,0.1
"1421","SAN MARTIN","BELLAVISTA","BAJO BIAVO",5,39,895,12.8,4.4,0.6
"1422","SAN MARTIN","BELLAVISTA","BELLAVISTA",28,39,895,71.8,4.4,3.1
"1423","SAN MARTIN","BELLAVISTA","SAN PABLO",1,39,895,2.6,4.4,0.1
"1424","SAN MARTIN","BELLAVISTA","SAN RAFAEL",4,39,895,10.3,4.4,0.4
"1425","SAN MARTIN","EL DORADO","SAN JOSE DE SISA",18,24,895,75,2.7,2
"1426","SAN MARTIN","EL DORADO","SAN MARTIN",2,24,895,8.3,2.7,0.2
"1427","SAN MARTIN","EL DORADO","SANTA ROSA",2,24,895,8.3,2.7,0.2
"1428","SAN MARTIN","EL DORADO","SHATOJA",2,24,895,8.3,2.7,0.2
"1429","SAN MARTIN","HUALLAGA","ALTO SAPOSOA",1,19,895,5.3,2.1,0.1
"1430","SAN MARTIN","HUALLAGA","EL ESLABON",1,19,895,5.3,2.1,0.1
"1431","SAN MARTIN","HUALLAGA","PISCOYACU",1,19,895,5.3,2.1,0.1
"1432","SAN MARTIN","HUALLAGA","SACANCHE",3,19,895,15.8,2.1,0.3
"1433","SAN MARTIN","HUALLAGA","SAPOSOA",12,19,895,63.2,2.1,1.3
"1434","SAN MARTIN","HUALLAGA","TINGO DE SAPOSOA",1,19,895,5.3,2.1,0.1
"1435","SAN MARTIN","LAMAS","ALONSO DE ALVARADO",2,61,895,3.3,6.8,0.2
"1436","SAN MARTIN","LAMAS","BARRANQUITA",3,61,895,4.9,6.8,0.3
"1437","SAN MARTIN","LAMAS","CAYNARACHI",7,61,895,11.5,6.8,0.8
"1438","SAN MARTIN","LAMAS","CU<d1>UMBUQUI",4,61,895,6.6,6.8,0.4
"1439","SAN MARTIN","LAMAS","LAMAS",28,61,895,45.9,6.8,3.1
"1440","SAN MARTIN","LAMAS","PINTO RECODO",6,61,895,9.8,6.8,0.7
"1441","SAN MARTIN","LAMAS","RUMISAPA",1,61,895,1.6,6.8,0.1
"1442","SAN MARTIN","LAMAS","SAN ROQUE DE CUMBAZA",1,61,895,1.6,6.8,0.1
"1443","SAN MARTIN","LAMAS","TABALOSOS",9,61,895,14.8,6.8,1
"1444","SAN MARTIN","MARISCAL CACERES","CAMPANILLA",4,124,895,3.2,13.9,0.4
"1445","SAN MARTIN","MARISCAL CACERES","HUICUNGO",5,124,895,4,13.9,0.6
"1446","SAN MARTIN","MARISCAL CACERES","JUANJUI",105,124,895,84.7,13.9,11.7
"1447","SAN MARTIN","MARISCAL CACERES","PACHIZA",5,124,895,4,13.9,0.6
"1448","SAN MARTIN","MARISCAL CACERES","PAJARILLO",5,124,895,4,13.9,0.6
"1449","SAN MARTIN","MOYOBAMBA","CALZADA",2,89,895,2.2,9.9,0.2
"1450","SAN MARTIN","MOYOBAMBA","JEPELACIO",1,89,895,1.1,9.9,0.1
"1451","SAN MARTIN","MOYOBAMBA","MOYOBAMBA",80,89,895,89.9,9.9,8.9
"1452","SAN MARTIN","MOYOBAMBA","SORITOR",5,89,895,5.6,9.9,0.6
"1453","SAN MARTIN","MOYOBAMBA","YANTALO",1,89,895,1.1,9.9,0.1
"1454","SAN MARTIN","PICOTA","BUENOS AIRES",2,34,895,5.9,3.8,0.2
"1455","SAN MARTIN","PICOTA","PICOTA",23,34,895,67.6,3.8,2.6
"1456","SAN MARTIN","PICOTA","PILLUANA",1,34,895,2.9,3.8,0.1
"1457","SAN MARTIN","PICOTA","PUCACACA",3,34,895,8.8,3.8,0.3
"1458","SAN MARTIN","PICOTA","SAN HILARION",3,34,895,8.8,3.8,0.3
"1459","SAN MARTIN","PICOTA","TRES UNIDOS",2,34,895,5.9,3.8,0.2
"1460","SAN MARTIN","RIOJA","AWAJUN",5,80,895,6.2,8.9,0.6
"1461","SAN MARTIN","RIOJA","ELIAS SOPLIN VARGAS",5,80,895,6.2,8.9,0.6
"1462","SAN MARTIN","RIOJA","NUEVA CAJAMARCA",25,80,895,31.2,8.9,2.8
"1463","SAN MARTIN","RIOJA","PARDO MIGUEL",7,80,895,8.8,8.9,0.8
"1464","SAN MARTIN","RIOJA","POSIC",3,80,895,3.8,8.9,0.3
"1465","SAN MARTIN","RIOJA","RIOJA",30,80,895,37.5,8.9,3.4
"1466","SAN MARTIN","RIOJA","SAN FERNANDO",1,80,895,1.2,8.9,0.1
"1467","SAN MARTIN","RIOJA","YURACYACU",4,80,895,5,8.9,0.4
"1468","SAN MARTIN","SAN MARTIN","CACATACHI",6,365,895,1.6,40.8,0.7
"1469","SAN MARTIN","SAN MARTIN","CHAZUTA",9,365,895,2.5,40.8,1
"1470","SAN MARTIN","SAN MARTIN","CHIPURANA",2,365,895,0.5,40.8,0.2
"1471","SAN MARTIN","SAN MARTIN","EL PORVENIR",2,365,895,0.5,40.8,0.2
"1472","SAN MARTIN","SAN MARTIN","HUIMBAYOC",2,365,895,0.5,40.8,0.2
"1473","SAN MARTIN","SAN MARTIN","JUAN GUERRA",1,365,895,0.3,40.8,0.1
"1474","SAN MARTIN","SAN MARTIN","LA BANDA DE SHILCAYO",62,365,895,17,40.8,6.9
"1475","SAN MARTIN","SAN MARTIN","MORALES",42,365,895,11.5,40.8,4.7
"1476","SAN MARTIN","SAN MARTIN","PAPAPLAYA",1,365,895,0.3,40.8,0.1
"1477","SAN MARTIN","SAN MARTIN","SAN ANTONIO",1,365,895,0.3,40.8,0.1
"1478","SAN MARTIN","SAN MARTIN","SAUCE",1,365,895,0.3,40.8,0.1
"1479","SAN MARTIN","SAN MARTIN","SHAPAJA",1,365,895,0.3,40.8,0.1
"1480","SAN MARTIN","SAN MARTIN","TARAPOTO",235,365,895,64.4,40.8,26.3
"1481","SAN MARTIN","TOCACHE","NUEVO PROGRESO",7,50,895,14,5.6,0.8
"1482","SAN MARTIN","TOCACHE","POLVORA",1,50,895,2,5.6,0.1
"1483","SAN MARTIN","TOCACHE","SHUNTE",1,50,895,2,5.6,0.1
"1484","SAN MARTIN","TOCACHE","TOCACHE",31,50,895,62,5.6,3.5
"1485","SAN MARTIN","TOCACHE","UCHIZA",10,50,895,20,5.6,1.1
"1486","TACNA","CANDARAVE","CAIRANI",2,8,596,25,1.3,0.3
"1487","TACNA","CANDARAVE","CANDARAVE",4,8,596,50,1.3,0.7
"1488","TACNA","CANDARAVE","CURIBAYA",1,8,596,12.5,1.3,0.2
"1489","TACNA","CANDARAVE","QUILAHUANI",1,8,596,12.5,1.3,0.2
"1490","TACNA","JORGE BASADRE","ILABAYA",6,10,596,60,1.7,1
"1491","TACNA","JORGE BASADRE","ITE",4,10,596,40,1.7,0.7
"1492","TACNA","TACNA","ALTO DE LA ALIANZA",88,571,596,15.4,95.8,14.8
"1493","TACNA","TACNA","CALANA",3,571,596,0.5,95.8,0.5
"1494","TACNA","TACNA","CIUDAD NUEVA",54,571,596,9.5,95.8,9.1
"1495","TACNA","TACNA","CORONEL GREGORIO ALBARRACIN L.",10,571,596,1.8,95.8,1.7
"1496","TACNA","TACNA","CORONEL GREGORIO ALBARRACIN LA",68,571,596,11.9,95.8,11.4
"1497","TACNA","TACNA","CORONEL GREGORIO ALBARRACIN LANCHIPA",24,571,596,4.2,95.8,4
"1498","TACNA","TACNA","INCLAN",1,571,596,0.2,95.8,0.2
"1499","TACNA","TACNA","LA YARADA LOS PALOS",9,571,596,1.6,95.8,1.5
"1500","TACNA","TACNA","PACHIA",4,571,596,0.7,95.8,0.7
"1501","TACNA","TACNA","PALCA",2,571,596,0.4,95.8,0.3
"1502","TACNA","TACNA","POCOLLAY",33,571,596,5.8,95.8,5.5
"1503","TACNA","TACNA","TACNA",275,571,596,48.2,95.8,46.1
"1504","TACNA","TARATA","ESTIQUE",1,7,596,14.3,1.2,0.2
"1505","TACNA","TARATA","HEROES ALBARRACIN",1,7,596,14.3,1.2,0.2
"1506","TACNA","TARATA","TARATA",5,7,596,71.4,1.2,0.8
"1507","TUMBES","","CORRALES",1,5,446,20,1.1,0.2
"1508","TUMBES","","LA CRUZ",1,5,446,20,1.1,0.2
"1509","TUMBES","","TUMBES",2,5,446,40,1.1,0.4
"1510","TUMBES","","ZORRITOS",1,5,446,20,1.1,0.2
"1511","TUMBES","CONTRALMIRANTE VILLAR","CANOAS DE PUNTA SAL",12,42,446,28.6,9.4,2.7
"1512","TUMBES","CONTRALMIRANTE VILLAR","CASITAS",5,42,446,11.9,9.4,1.1
"1513","TUMBES","CONTRALMIRANTE VILLAR","ZORRITOS",25,42,446,59.5,9.4,5.6
"1514","TUMBES","TUMBES","CORRALES",48,322,446,14.9,72.2,10.8
"1515","TUMBES","TUMBES","LA CRUZ",14,322,446,4.3,72.2,3.1
"1516","TUMBES","TUMBES","PAMPAS DE HOSPITAL",6,322,446,1.9,72.2,1.3
"1517","TUMBES","TUMBES","SAN JACINTO",11,322,446,3.4,72.2,2.5
"1518","TUMBES","TUMBES","SAN JUAN DE LA VIRGEN",6,322,446,1.9,72.2,1.3
"1519","TUMBES","TUMBES","TUMBES",237,322,446,73.6,72.2,53.1
"1520","TUMBES","ZARUMILLA","AGUAS VERDES",29,77,446,37.7,17.3,6.5
"1521","TUMBES","ZARUMILLA","MATAPALO",1,77,446,1.3,17.3,0.2
"1522","TUMBES","ZARUMILLA","PAPAYAL",4,77,446,5.2,17.3,0.9
"1523","TUMBES","ZARUMILLA","ZARUMILLA",43,77,446,55.8,17.3,9.6
"1524","UCAYALI","","",37,37,534,100,6.9,6.9
"1525","UCAYALI","ATALAYA","RAIMONDI",2,10,534,20,1.9,0.4
"1526","UCAYALI","ATALAYA","RAYMONDI",3,10,534,30,1.9,0.6
"1527","UCAYALI","ATALAYA","SEPAHUA",2,10,534,20,1.9,0.4
"1528","UCAYALI","ATALAYA","TAHUANIA",3,10,534,30,1.9,0.6
"1529","UCAYALI","CORONEL PORTILLO","CALLERIA",262,432,534,60.6,80.9,49.1
"1530","UCAYALI","CORONEL PORTILLO","CAMPOVERDE",4,432,534,0.9,80.9,0.7
"1531","UCAYALI","CORONEL PORTILLO","MANANTAY",64,432,534,14.8,80.9,12
"1532","UCAYALI","CORONEL PORTILLO","MASISEA",4,432,534,0.9,80.9,0.7
"1533","UCAYALI","CORONEL PORTILLO","NUEVA REQUENA",5,432,534,1.2,80.9,0.9
"1534","UCAYALI","CORONEL PORTILLO","YARINACOCHA",93,432,534,21.5,80.9,17.4
"1535","UCAYALI","PADRE ABAD","CURIMANA",2,55,534,3.6,10.3,0.4
"1536","UCAYALI","PADRE ABAD","IRAZOLA",6,55,534,10.9,10.3,1.1
"1537","UCAYALI","PADRE ABAD","NESHUYA",7,55,534,12.7,10.3,1.3
"1538","UCAYALI","PADRE ABAD","PADRE ABAD",40,55,534,72.7,10.3,7.5
