,DEPARTAMENTO,PROVINCIA,DISTRITO,distr_prov
0,AMAZONAS,BAGUA,ARAMANGO,9.17
1,AMAZONAS,BAGUA,BAGUA,55.05
2,AMAZONAS,BAGUA,COPALLIN,3.67
3,AMAZONAS,BAGUA,IMAZA,22.02
4,AMAZONAS,BAGUA,LA PECA,10.09
5,AMAZONAS,BONGARA,CHURUJA,13.33
6,AMAZONAS,BONGARA,JAZAN,60.0
7,AMAZONAS,BONGARA,JUMBILLA,6.67
8,AMAZONAS,BONGARA,SAN CARLOS,6.67
9,AMAZONAS,BONGARA,VALERA,6.67
10,AMAZONAS,BONGARA,YAMBRASBAMBA,6.67
11,AMAZONAS,CHACHAPOYAS,BALSAS,2.27
12,AMAZONAS,CHACHAPOYAS,CHACHAPOYAS,70.45
13,AMAZONAS,CHACHAPOYAS,CHUQUIBAMBA,4.55
14,AMAZONAS,CHACHAPOYAS,HUANCAS,2.27
15,AMAZONAS,CHACHAPOYAS,LA JALCA,4.55
16,AMAZONAS,CHACHAPOYAS,LEIMEBAMBA,2.27
17,AMAZONAS,CHACHAPOYAS,MAGDALENA,2.27
18,AMAZONAS,CHACHAPOYAS,MARISCAL CASTILLA,2.27
19,AMAZONAS,CHACHAPOYAS,MONTEVIDEO,2.27
20,AMAZONAS,CHACHAPOYAS,SOLOCO,6.82
21,AMAZONAS,CONDORCANQUI,EL CENEPA,13.64
22,AMAZONAS,CONDORCANQUI,NIEVA,59.09
23,AMAZONAS,CONDORCANQUI,RIO SANTIAGO,27.27
24,AMAZONAS,LUYA,CAMPOREDONDO,4.55
25,AMAZONAS,LUYA,CAMPORREDONDO,4.55
26,AMAZONAS,LUYA,COCABAMBA,4.55
27,AMAZONAS,LUYA,LAMUD,18.18
28,AMAZONAS,LUYA,LONYA CHICO,4.55
29,AMAZONAS,LUYA,LUYA,22.73
30,AMAZONAS,LUYA,PISUQUIA,9.09
31,AMAZONAS,LUYA,SAN JERONIMO,4.55
32,AMAZONAS,LUYA,SANTO TOMAS,4.55
33,AMAZONAS,LUYA,TINGO,18.18
34,AMAZONAS,LUYA,TRITA,4.55
35,AMAZONAS,RODRIGUEZ DE MENDOZA,COCHAMAL,6.25
36,AMAZONAS,RODRIGUEZ DE MENDOZA,HUAMBO,6.25
37,AMAZONAS,RODRIGUEZ DE MENDOZA,LIMABAMBA,6.25
38,AMAZONAS,RODRIGUEZ DE MENDOZA,LONGAR,6.25
39,AMAZONAS,RODRIGUEZ DE MENDOZA,MARISCAL BENAVIDES,12.5
40,AMAZONAS,RODRIGUEZ DE MENDOZA,OMIA,12.5
41,AMAZONAS,RODRIGUEZ DE MENDOZA,SAN NICOLAS,50.0
42,AMAZONAS,UTCUBAMBA,BAGUA GRANDE,82.65
43,AMAZONAS,UTCUBAMBA,CAJARURO,12.24
44,AMAZONAS,UTCUBAMBA,CUMBA,1.02
45,AMAZONAS,UTCUBAMBA,EL MILAGRO,1.02
46,AMAZONAS,UTCUBAMBA,JAMALCA,2.04
47,AMAZONAS,UTCUBAMBA,YAMON,1.02
48,ANCASH,AIJA,CORIS,16.67
49,ANCASH,AIJA,HUACLLAN,16.67
50,ANCASH,AIJA,LA MERCED,66.67
51,ANCASH,ASUNCION,ACOCHACA,50.0
52,ANCASH,ASUNCION,CHACAS,50.0
53,ANCASH,BOLOGNESI,AQUIA,5.26
54,ANCASH,BOLOGNESI,CAJACAY,5.26
55,ANCASH,BOLOGNESI,CHIQUIAN,42.11
56,ANCASH,BOLOGNESI,COLQUIOC,10.53
57,ANCASH,BOLOGNESI,HUALLANCA,10.53
58,ANCASH,BOLOGNESI,HUAYLLACAYAN,5.26
59,ANCASH,BOLOGNESI,LA PRIMAVERA,10.53
60,ANCASH,BOLOGNESI,MANGAS,5.26
61,ANCASH,BOLOGNESI,PACLLON,5.26
62,ANCASH,CARHUAZ,ACOPAMPA,4.17
63,ANCASH,CARHUAZ,ANTA,8.33
64,ANCASH,CARHUAZ,CARHUAZ,45.83
65,ANCASH,CARHUAZ,MARCARA,8.33
66,ANCASH,CARHUAZ,SAN MIGUEL DE ACO,4.17
67,ANCASH,CARHUAZ,SHILLA,4.17
68,ANCASH,CARHUAZ,TINCO,16.67
69,ANCASH,CARHUAZ,YUNGAR,8.33
70,ANCASH,CARLOS FERMIN FITZCARRALD,SAN NICOLAS,100.0
71,ANCASH,CASMA,BUENA VISTA ALTA,3.45
72,ANCASH,CASMA,CASMA,83.91
73,ANCASH,CASMA,COMANDANTE NOEL,3.45
74,ANCASH,CASMA,YAUTAN,9.2
75,ANCASH,CORONGO,CUSCA,33.33
76,ANCASH,CORONGO,YANAC,33.33
77,ANCASH,CORONGO,YUPAN,33.33
78,ANCASH,HUARAZ,COCHABAMBA,0.45
79,ANCASH,HUARAZ,COLCABAMBA,0.45
80,ANCASH,HUARAZ,HUANCHAY,0.45
81,ANCASH,HUARAZ,HUARAZ,58.04
82,ANCASH,HUARAZ,INDEPENDENCIA,29.91
83,ANCASH,HUARAZ,JANGAS,0.89
84,ANCASH,HUARAZ,OLLEROS,1.79
85,ANCASH,HUARAZ,PAMPAS GRANDE,0.45
86,ANCASH,HUARAZ,PARIACOTO,3.12
87,ANCASH,HUARAZ,PIRA,1.79
88,ANCASH,HUARAZ,TARICA,2.68
89,ANCASH,HUARI,ANRA,7.69
90,ANCASH,HUARI,CAJAY,3.85
91,ANCASH,HUARI,CHAVIN DE HUANTAR,19.23
92,ANCASH,HUARI,HUACCHIS,3.85
93,ANCASH,HUARI,HUACHIS,15.38
94,ANCASH,HUARI,HUARI,11.54
95,ANCASH,HUARI,MASIN,3.85
96,ANCASH,HUARI,PONTO,11.54
97,ANCASH,HUARI,SAN MARCOS,11.54
98,ANCASH,HUARI,SAN PEDRO DE CHANA,3.85
99,ANCASH,HUARI,UCO,7.69
100,ANCASH,HUARMEY,CULEBRAS,3.7
101,ANCASH,HUARMEY,HUARMEY,87.04
102,ANCASH,HUARMEY,HUAYAN,3.7
103,ANCASH,HUARMEY,MALVAS,5.56
104,ANCASH,HUAYLAS,CARAZ,60.47
105,ANCASH,HUAYLAS,HUALLANCA,4.65
106,ANCASH,HUAYLAS,HUATA,2.33
107,ANCASH,HUAYLAS,HUAYLAS,4.65
108,ANCASH,HUAYLAS,MATO,9.3
109,ANCASH,HUAYLAS,PAMPAROMAS,2.33
110,ANCASH,HUAYLAS,PUEBLO LIBRE,6.98
111,ANCASH,HUAYLAS,SANTA CRUZ,2.33
112,ANCASH,HUAYLAS,SANTO TORIBIO,2.33
113,ANCASH,HUAYLAS,YURACMARCA,4.65
114,ANCASH,MARISCAL LUZURIAGA,CASCA,33.33
115,ANCASH,MARISCAL LUZURIAGA,LLUMPA,33.33
116,ANCASH,MARISCAL LUZURIAGA,PISCOBAMBA,33.33
117,ANCASH,OCROS,ACAS,50.0
118,ANCASH,OCROS,LLIPA,25.0
119,ANCASH,OCROS,SAN CRISTOBAL DE RAJAN,25.0
120,ANCASH,PALLASCA,CABANA,11.11
121,ANCASH,PALLASCA,CONCHUCOS,11.11
122,ANCASH,PALLASCA,HUANDOVAL,11.11
123,ANCASH,PALLASCA,PAMPAS,33.33
124,ANCASH,PALLASCA,SANTA ROSA,11.11
125,ANCASH,PALLASCA,TAUCA,22.22
126,ANCASH,POMABAMBA,HUAYLLAN,12.5
127,ANCASH,POMABAMBA,PAROBAMBA,25.0
128,ANCASH,POMABAMBA,POMABAMBA,62.5
129,ANCASH,RECUAY,CATAC,8.0
130,ANCASH,RECUAY,COTAPARACO,4.0
131,ANCASH,RECUAY,HUAYLLAPAMPA,4.0
132,ANCASH,RECUAY,LLACLLIN,8.0
133,ANCASH,RECUAY,MARCA,4.0
134,ANCASH,RECUAY,PAMPAS CHICO,4.0
135,ANCASH,RECUAY,PARARIN,4.0
136,ANCASH,RECUAY,RECUAY,40.0
137,ANCASH,RECUAY,TICAPAMPA,24.0
138,ANCASH,SANTA,CACERES DEL PERU,0.26
139,ANCASH,SANTA,CHIMBOTE,66.52
140,ANCASH,SANTA,COISHCO,4.73
141,ANCASH,SANTA,MACATE,0.26
142,ANCASH,SANTA,MORO,0.69
143,ANCASH,SANTA,NEPEÑA,2.58
144,ANCASH,SANTA,NUEVO CHIMBOTE,19.1
145,ANCASH,SANTA,SAMANCO,1.12
146,ANCASH,SANTA,SANTA,4.73
147,ANCASH,SIHUAS,ALFONSO UGARTE,9.09
148,ANCASH,SIHUAS,CASHAPAMPA,9.09
149,ANCASH,SIHUAS,HUAYLLABAMBA,9.09
150,ANCASH,SIHUAS,QUICHES,9.09
151,ANCASH,SIHUAS,SAN JUAN,9.09
152,ANCASH,SIHUAS,SICSIBAMBA,9.09
153,ANCASH,SIHUAS,SIHUAS,45.45
154,ANCASH,YUNGAY,CASCAPARA,4.35
155,ANCASH,YUNGAY,MANCOS,13.04
156,ANCASH,YUNGAY,MATACOTO,4.35
157,ANCASH,YUNGAY,QUILLO,8.7
158,ANCASH,YUNGAY,SHUPLUY,8.7
159,ANCASH,YUNGAY,YANAMA,8.7
160,ANCASH,YUNGAY,YUNGAY,52.17
161,APURIMAC,ABANCAY,ABANCAY,76.8
162,APURIMAC,ABANCAY,CHACOCHE,0.8
163,APURIMAC,ABANCAY,CIRCA,0.8
164,APURIMAC,ABANCAY,CURAHUASI,5.6
165,APURIMAC,ABANCAY,LAMBRAMA,2.4
166,APURIMAC,ABANCAY,PICHIRHUA,2.4
167,APURIMAC,ABANCAY,SAN PEDRO DE CACHORA,2.4
168,APURIMAC,ABANCAY,TAMBURCO,8.8
169,APURIMAC,ANDAHUAYLAS,ANDAHUAYLAS,32.47
170,APURIMAC,ANDAHUAYLAS,ANDARAPA,3.9
171,APURIMAC,ANDAHUAYLAS,CHIARA,1.3
172,APURIMAC,ANDAHUAYLAS,HUANCARAMA,9.09
173,APURIMAC,ANDAHUAYLAS,HUANCARAY,5.19
174,APURIMAC,ANDAHUAYLAS,JOSE MARIA ARGUEDAS,1.3
175,APURIMAC,ANDAHUAYLAS,KAQUIABAMBA,2.6
176,APURIMAC,ANDAHUAYLAS,KISHUARA,2.6
177,APURIMAC,ANDAHUAYLAS,PACOBAMBA,3.9
178,APURIMAC,ANDAHUAYLAS,PACUCHA,3.9
179,APURIMAC,ANDAHUAYLAS,PAMPACHIRI,1.3
180,APURIMAC,ANDAHUAYLAS,POMACOCHA,1.3
181,APURIMAC,ANDAHUAYLAS,SAN JERONIMO,11.69
182,APURIMAC,ANDAHUAYLAS,SANTA MARIA DE CHICMO,2.6
183,APURIMAC,ANDAHUAYLAS,TALAVERA,15.58
184,APURIMAC,ANDAHUAYLAS,TURPO,1.3
185,APURIMAC,ANTABAMBA,ANTABAMBA,54.55
186,APURIMAC,ANTABAMBA,EL ORO,9.09
187,APURIMAC,ANTABAMBA,HUAQUIRCA,9.09
188,APURIMAC,ANTABAMBA,JUAN ESPINOZA MEDRANO,9.09
189,APURIMAC,ANTABAMBA,PACHACONAS,9.09
190,APURIMAC,ANTABAMBA,SABAINO,9.09
191,APURIMAC,AYMARAES,CHALHUANCA,11.11
192,APURIMAC,AYMARAES,CHAPIMARCA,5.56
193,APURIMAC,AYMARAES,COLCABAMBA,16.67
194,APURIMAC,AYMARAES,COTARUSE,27.78
195,APURIMAC,AYMARAES,IHUAYLLO,16.67
196,APURIMAC,AYMARAES,JUSTO APU SAHUARAURA,5.56
197,APURIMAC,AYMARAES,SAÑAYCA,5.56
198,APURIMAC,AYMARAES,SORAYA,5.56
199,APURIMAC,AYMARAES,TORAYA,5.56
200,APURIMAC,CHINCHEROS,ANCO HUALLO,12.0
201,APURIMAC,CHINCHEROS,ANCO-HUALLO,16.0
202,APURIMAC,CHINCHEROS,CHINCHEROS,24.0
203,APURIMAC,CHINCHEROS,COCHARCAS,4.0
204,APURIMAC,CHINCHEROS,HUACCANA,12.0
205,APURIMAC,CHINCHEROS,OCOBAMBA,16.0
206,APURIMAC,CHINCHEROS,ONGOY,8.0
207,APURIMAC,CHINCHEROS,URANMARCA,8.0
208,APURIMAC,COTABAMBAS,CHALLHUAHUACHO,33.33
209,APURIMAC,COTABAMBAS,COTABAMBAS,8.33
210,APURIMAC,COTABAMBAS,COYLLURQUI,8.33
211,APURIMAC,COTABAMBAS,HAQUIRA,8.33
212,APURIMAC,COTABAMBAS,MARA,16.67
213,APURIMAC,COTABAMBAS,TAMBOBAMBA,25.0
214,APURIMAC,GRAU,CHUQUIBAMBILLA,28.57
215,APURIMAC,GRAU,CURPAHUASI,14.29
216,APURIMAC,GRAU,MAMARA,14.29
217,APURIMAC,GRAU,MARISCAL GAMARRA,14.29
218,APURIMAC,GRAU,MICAELA BASTIDAS,14.29
219,APURIMAC,GRAU,SAN ANTONIO,14.29
220,AREQUIPA,AREQUIPA,ALTO SELVA ALEGRE,6.72
221,AREQUIPA,AREQUIPA,AREQUIPA,12.68
222,AREQUIPA,AREQUIPA,CAYMA,6.84
223,AREQUIPA,AREQUIPA,CERRO COLORADO,11.1
224,AREQUIPA,AREQUIPA,CHARACATO,0.88
225,AREQUIPA,AREQUIPA,CHIGUATA,0.18
226,AREQUIPA,AREQUIPA,JACOBO HUNTER,5.26
227,AREQUIPA,AREQUIPA,JOSE LUIS BUSTAMANTE Y RIVERO,8.47
228,AREQUIPA,AREQUIPA,LA JOYA,2.05
229,AREQUIPA,AREQUIPA,MARIANO MELGAR,6.43
230,AREQUIPA,AREQUIPA,MIRAFLORES,7.01
231,AREQUIPA,AREQUIPA,MOLLEBAYA,0.18
232,AREQUIPA,AREQUIPA,PAUCARPATA,15.49
233,AREQUIPA,AREQUIPA,POLOBAYA,0.12
234,AREQUIPA,AREQUIPA,QUEQUEÑA,0.12
235,AREQUIPA,AREQUIPA,SABANDIA,0.29
236,AREQUIPA,AREQUIPA,SACHACA,1.87
237,AREQUIPA,AREQUIPA,SAN JUAN DE TARUCANI,0.06
238,AREQUIPA,AREQUIPA,SANTA ISABEL DE SIGUAS,0.18
239,AREQUIPA,AREQUIPA,SANTA RITA DE SIHUAS,0.29
240,AREQUIPA,AREQUIPA,SOCABAYA,7.6
241,AREQUIPA,AREQUIPA,TIABAYA,1.17
242,AREQUIPA,AREQUIPA,UCHUMAYO,0.94
243,AREQUIPA,AREQUIPA,VITOR,0.23
244,AREQUIPA,AREQUIPA,YANAHUARA,2.69
245,AREQUIPA,AREQUIPA,YARABAMBA,0.12
246,AREQUIPA,AREQUIPA,YURA,1.05
247,AREQUIPA,CAMANA,CAMANA,40.66
248,AREQUIPA,CAMANA,JOSE MARIA QUIMPER,7.69
249,AREQUIPA,CAMANA,MARIANO NICOLAS VALCARCEL,5.49
250,AREQUIPA,CAMANA,MARISCAL CACERES,10.99
251,AREQUIPA,CAMANA,NICOLAS DE PIEROLA,9.89
252,AREQUIPA,CAMANA,OCOÂ´.Â¢A,1.1
253,AREQUIPA,CAMANA,OCOÑA,4.4
254,AREQUIPA,CAMANA,OCOÑ¢A,1.1
255,AREQUIPA,CAMANA,QUILCA,1.1
256,AREQUIPA,CAMANA,SAMUEL PASTOR,17.58
257,AREQUIPA,CARAVELI,ACARI,10.0
258,AREQUIPA,CARAVELI,ATICO,23.33
259,AREQUIPA,CARAVELI,ATIQUIPA,6.67
260,AREQUIPA,CARAVELI,BELLA UNION,6.67
261,AREQUIPA,CARAVELI,CARAVELI,3.33
262,AREQUIPA,CARAVELI,CHALA,23.33
263,AREQUIPA,CARAVELI,CHAPARRA,6.67
264,AREQUIPA,CARAVELI,HUANUHUANU,3.33
265,AREQUIPA,CARAVELI,JAQUI,6.67
266,AREQUIPA,CARAVELI,LOMAS,3.33
267,AREQUIPA,CARAVELI,YAUCA,6.67
268,AREQUIPA,CASTILLA,ANDAGUA,8.33
269,AREQUIPA,CASTILLA,APLAO,33.33
270,AREQUIPA,CASTILLA,CHACHAS,4.17
271,AREQUIPA,CASTILLA,CHILCAYMARCA,4.17
272,AREQUIPA,CASTILLA,HUANCARQUI,12.5
273,AREQUIPA,CASTILLA,PAMPACOLCA,8.33
274,AREQUIPA,CASTILLA,URACA,29.17
275,AREQUIPA,CAYLLOMA,ACHOMA,2.41
276,AREQUIPA,CAYLLOMA,CAYLLOMA,7.23
277,AREQUIPA,CAYLLOMA,CHIVAY,4.82
278,AREQUIPA,CAYLLOMA,COPORAQUE,2.41
279,AREQUIPA,CAYLLOMA,ICHUPAMPA,1.2
280,AREQUIPA,CAYLLOMA,LARI,3.61
281,AREQUIPA,CAYLLOMA,LLUTA,4.82
282,AREQUIPA,CAYLLOMA,MAJES,71.08
283,AREQUIPA,CAYLLOMA,TAPAY,2.41
284,AREQUIPA,CONDESUYOS,ANDARAY,18.18
285,AREQUIPA,CONDESUYOS,CHUQUIBAMBA,9.09
286,AREQUIPA,CONDESUYOS,IRAY,9.09
287,AREQUIPA,CONDESUYOS,RIO GRANDE,27.27
288,AREQUIPA,CONDESUYOS,YANAQUIHUA,36.36
289,AREQUIPA,ISLAY,COCACHACRA,22.06
290,AREQUIPA,ISLAY,DEAN VALDIVIA,10.29
291,AREQUIPA,ISLAY,ISLAY,5.88
292,AREQUIPA,ISLAY,MEJIA,1.47
293,AREQUIPA,ISLAY,MOLLENDO,55.88
294,AREQUIPA,ISLAY,PUNTA DE BOMBON,4.41
295,AREQUIPA,LA UNION,COTAHUASI,28.57
296,AREQUIPA,LA UNION,HUAYNACOTAS,28.57
297,AREQUIPA,LA UNION,PAMPAMARCA,14.29
298,AREQUIPA,LA UNION,PUYCA,14.29
299,AREQUIPA,LA UNION,TOMEPAMPA,14.29
300,AYACUCHO,CANGALLO,CANGALLO,39.13
301,AYACUCHO,CANGALLO,CHUSCHI,17.39
302,AYACUCHO,CANGALLO,LOS MOROCHUCOS,21.74
303,AYACUCHO,CANGALLO,MARIA PARADO DE BELLIDO,4.35
304,AYACUCHO,CANGALLO,PARAS,13.04
305,AYACUCHO,CANGALLO,TOTOS,4.35
306,AYACUCHO,HUAMANGA,ACOCRO,1.03
307,AYACUCHO,HUAMANGA,ACOS VINCHOS,0.34
308,AYACUCHO,HUAMANGA,ANDRES AVELINO CACERES D.,2.76
309,AYACUCHO,HUAMANGA,ANDRES AVELINO CACERES DORREGA,7.24
310,AYACUCHO,HUAMANGA,ANDRES AVELINO CACERES DORREGARAY,1.38
311,AYACUCHO,HUAMANGA,AYACUCHO,50.0
312,AYACUCHO,HUAMANGA,CARMEN ALTO,2.41
313,AYACUCHO,HUAMANGA,CARMEN ALTO 1/,3.1
314,AYACUCHO,HUAMANGA,CHIARA,0.34
315,AYACUCHO,HUAMANGA,JESUS NAZARENO,11.38
316,AYACUCHO,HUAMANGA,PACAYCASA,1.72
317,AYACUCHO,HUAMANGA,QUINUA,1.38
318,AYACUCHO,HUAMANGA,SAN JOSE DE TICLLAS,1.38
319,AYACUCHO,HUAMANGA,SAN JUAN BAUTISTA,14.48
320,AYACUCHO,HUAMANGA,SOCOS,0.34
321,AYACUCHO,HUAMANGA,TAMBILLO,0.34
322,AYACUCHO,HUAMANGA,VINCHOS,0.34
323,AYACUCHO,HUANCA SANCOS,SANCOS,100.0
324,AYACUCHO,HUANTA,AYAHUANCO,1.85
325,AYACUCHO,HUANTA,CANAYRE,1.85
326,AYACUCHO,HUANTA,HUAMANGUILLA,1.85
327,AYACUCHO,HUANTA,HUANTA,66.67
328,AYACUCHO,HUANTA,IGUAIN,3.7
329,AYACUCHO,HUANTA,LLOCHEGUA,9.26
330,AYACUCHO,HUANTA,LURICOCHA,7.41
331,AYACUCHO,HUANTA,PUCACOLPA,1.85
332,AYACUCHO,HUANTA,SANTILLANA,1.85
333,AYACUCHO,HUANTA,SIVIA,1.85
334,AYACUCHO,HUANTA,UCHURACCAY,1.85
335,AYACUCHO,LA MAR,ANCO,7.69
336,AYACUCHO,LA MAR,AYNA,23.08
337,AYACUCHO,LA MAR,SAMUGARI,7.69
338,AYACUCHO,LA MAR,SAN MIGUEL,35.9
339,AYACUCHO,LA MAR,SANTA ROSA,12.82
340,AYACUCHO,LA MAR,TAMBO,12.82
341,AYACUCHO,LUCANAS,AUCARA,8.16
342,AYACUCHO,LUCANAS,CABANA,2.04
343,AYACUCHO,LUCANAS,CHAVIÑA,4.08
344,AYACUCHO,LUCANAS,CHIPAO,4.08
345,AYACUCHO,LUCANAS,HUAC-HUAS,6.12
346,AYACUCHO,LUCANAS,LARAMATE,2.04
347,AYACUCHO,LUCANAS,LLAUTA,8.16
348,AYACUCHO,LUCANAS,LUCANAS,2.04
349,AYACUCHO,LUCANAS,OTOCA,2.04
350,AYACUCHO,LUCANAS,PUQUIO,42.86
351,AYACUCHO,LUCANAS,SAN CRISTOBAL,4.08
352,AYACUCHO,LUCANAS,SAN JUAN,2.04
353,AYACUCHO,LUCANAS,SAN PEDRO,2.04
354,AYACUCHO,LUCANAS,SANCOS,6.12
355,AYACUCHO,LUCANAS,SANTA ANA DE HUAYCAHUACHO,2.04
356,AYACUCHO,LUCANAS,SANTA LUCIA,2.04
357,AYACUCHO,PARINACOCHAS,CHUMPI,7.69
358,AYACUCHO,PARINACOCHAS,CORACORA,53.85
359,AYACUCHO,PARINACOCHAS,CORONEL CASTAÑEDA,7.69
360,AYACUCHO,PARINACOCHAS,PACAPAUSA,7.69
361,AYACUCHO,PARINACOCHAS,PULLO,7.69
362,AYACUCHO,PARINACOCHAS,SAN FRANCISCO DE RAVACAYCO,15.38
363,AYACUCHO,PAUCAR DEL SARA SARA,COLTA,28.57
364,AYACUCHO,PAUCAR DEL SARA SARA,MARCABAMBA,28.57
365,AYACUCHO,PAUCAR DEL SARA SARA,PAUSA,28.57
366,AYACUCHO,PAUCAR DEL SARA SARA,SAN JOSE DE USHUA,14.29
367,AYACUCHO,SUCRE,CHILCAYOC,16.67
368,AYACUCHO,SUCRE,HUACAÑA,16.67
369,AYACUCHO,SUCRE,MORCOLLA,33.33
370,AYACUCHO,SUCRE,SAN SALVADOR DE QUIJE,16.67
371,AYACUCHO,SUCRE,SANTIAGO DE PAUCARAY,16.67
372,AYACUCHO,VICTOR FAJARDO,ALCAMENCA,16.67
373,AYACUCHO,VICTOR FAJARDO,ASQUIPATA,8.33
374,AYACUCHO,VICTOR FAJARDO,CANARIA,16.67
375,AYACUCHO,VICTOR FAJARDO,CAYARA,8.33
376,AYACUCHO,VICTOR FAJARDO,COLCA,16.67
377,AYACUCHO,VICTOR FAJARDO,HUANCAPI,16.67
378,AYACUCHO,VICTOR FAJARDO,HUANCARAYLLA,8.33
379,AYACUCHO,VICTOR FAJARDO,VILCANCHOS,8.33
380,AYACUCHO,VILCAS HUAMAN,CARHUANCA,11.11
381,AYACUCHO,VILCAS HUAMAN,HUAMBALPA,11.11
382,AYACUCHO,VILCAS HUAMAN,INDEPENDENCIA,11.11
383,AYACUCHO,VILCAS HUAMAN,VILCAS HUAM-N,33.33
384,AYACUCHO,VILCAS HUAMAN,VILCAS HUAMAN,22.22
385,AYACUCHO,VILCAS HUAMAN,VISCHONGO,11.11
386,CAJAMARCA,CAJABAMBA,CACHACHI,15.15
387,CAJAMARCA,CAJABAMBA,CAJABAMBA,78.79
388,CAJAMARCA,CAJABAMBA,CONDEBAMBA,3.03
389,CAJAMARCA,CAJABAMBA,SITACOCHA,3.03
390,CAJAMARCA,CAJAMARCA,ASUNCION,0.39
391,CAJAMARCA,CAJAMARCA,CAJAMARCA,84.71
392,CAJAMARCA,CAJAMARCA,CHETILLA,0.78
393,CAJAMARCA,CAJAMARCA,ENCAÂ´.Â¢ADA,0.39
394,CAJAMARCA,CAJAMARCA,ENCAÑADA,3.53
395,CAJAMARCA,CAJAMARCA,JESUS,0.78
396,CAJAMARCA,CAJAMARCA,LLACANORA,0.39
397,CAJAMARCA,CAJAMARCA,LOS BAÑOS DEL INCA,6.67
398,CAJAMARCA,CAJAMARCA,MAGDALENA,1.57
399,CAJAMARCA,CAJAMARCA,MATARA,0.39
400,CAJAMARCA,CAJAMARCA,NAMORA,0.39
401,CAJAMARCA,CELENDIN,CELEND-N,4.0
402,CAJAMARCA,CELENDIN,CELENDIN,60.0
403,CAJAMARCA,CELENDIN,JOSE GALVEZ,16.0
404,CAJAMARCA,CELENDIN,LA LIBERTAD DE PALLAN,4.0
405,CAJAMARCA,CELENDIN,MIGUEL IGLESIAS,4.0
406,CAJAMARCA,CELENDIN,OXAMARCA,4.0
407,CAJAMARCA,CELENDIN,SUCRE,8.0
408,CAJAMARCA,CHOTA,CHADIN,2.38
409,CAJAMARCA,CHOTA,CHIGUIRIP,2.38
410,CAJAMARCA,CHOTA,CHOTA,50.0
411,CAJAMARCA,CHOTA,COCHABAMBA,2.38
412,CAJAMARCA,CHOTA,HUAMBOS,7.14
413,CAJAMARCA,CHOTA,LAJAS,9.52
414,CAJAMARCA,CHOTA,LLAMA,2.38
415,CAJAMARCA,CHOTA,MIRACOSTA,2.38
416,CAJAMARCA,CHOTA,PACCHA,4.76
417,CAJAMARCA,CHOTA,QUEROCOTO,14.29
418,CAJAMARCA,CHOTA,TACABAMBA,2.38
419,CAJAMARCA,CONTUMAZA,CHILETE,50.0
420,CAJAMARCA,CONTUMAZA,CONTUMAZA,16.67
421,CAJAMARCA,CONTUMAZA,SAN BENITO,5.56
422,CAJAMARCA,CONTUMAZA,TANTARICA,5.56
423,CAJAMARCA,CONTUMAZA,YONAN,22.22
424,CAJAMARCA,CUTERVO,CALLAYUC,11.11
425,CAJAMARCA,CUTERVO,CUTERVO,66.67
426,CAJAMARCA,CUTERVO,QUEROCOTILLO,4.44
427,CAJAMARCA,CUTERVO,SAN LUIS DE LUCMA,4.44
428,CAJAMARCA,CUTERVO,SANTA CRUZ,2.22
429,CAJAMARCA,CUTERVO,SANTO DOMINGO DE LA CAPILLA,2.22
430,CAJAMARCA,CUTERVO,SANTO TOMAS,2.22
431,CAJAMARCA,CUTERVO,SOCOTA,6.67
432,CAJAMARCA,HUALGAYOC,BAMBAMARCA,82.35
433,CAJAMARCA,HUALGAYOC,HUALGAYOC,17.65
434,CAJAMARCA,JAEN,BELLAVISTA,4.22
435,CAJAMARCA,JAEN,CHONTALI,0.84
436,CAJAMARCA,JAEN,COLASAY,0.42
437,CAJAMARCA,JAEN,HUABAL,0.84
438,CAJAMARCA,JAEN,JAEN,82.28
439,CAJAMARCA,JAEN,LAS PIRIAS,0.42
440,CAJAMARCA,JAEN,POMAHUACA,0.84
441,CAJAMARCA,JAEN,PUCARA,4.22
442,CAJAMARCA,JAEN,SALLIQUE,0.84
443,CAJAMARCA,JAEN,SAN FELIPE,0.42
444,CAJAMARCA,JAEN,SAN JOSE DEL ALTO,2.11
445,CAJAMARCA,JAEN,SANTA ROSA,2.53
446,CAJAMARCA,SAN IGNACIO,CHIRINOS,14.81
447,CAJAMARCA,SAN IGNACIO,HUARANGO,29.63
448,CAJAMARCA,SAN IGNACIO,LA COIPA,11.11
449,CAJAMARCA,SAN IGNACIO,NAMBALLE,3.7
450,CAJAMARCA,SAN IGNACIO,SAN IGNACIO,24.07
451,CAJAMARCA,SAN IGNACIO,SAN JOSE DE LOURDES,9.26
452,CAJAMARCA,SAN IGNACIO,TABACONAS,7.41
453,CAJAMARCA,SAN MARCOS,CHANCAY,15.0
454,CAJAMARCA,SAN MARCOS,ICHOCAN,5.0
455,CAJAMARCA,SAN MARCOS,JOSE MANUEL QUIROZ,5.0
456,CAJAMARCA,SAN MARCOS,JOSE SABOGAL,10.0
457,CAJAMARCA,SAN MARCOS,PEDRO GALVEZ,65.0
458,CAJAMARCA,SAN MIGUEL,EL PRADO,3.7
459,CAJAMARCA,SAN MIGUEL,LA FLORIDA,14.81
460,CAJAMARCA,SAN MIGUEL,LLAPA,14.81
461,CAJAMARCA,SAN MIGUEL,NIEPOS,18.52
462,CAJAMARCA,SAN MIGUEL,SAN GREGORIO,7.41
463,CAJAMARCA,SAN MIGUEL,SAN MIGUEL,18.52
464,CAJAMARCA,SAN MIGUEL,SAN SILVESTRE DE COCHAN,3.7
465,CAJAMARCA,SAN MIGUEL,TONGOD,11.11
466,CAJAMARCA,SAN MIGUEL,UNION AGUA BLANCA,7.41
467,CAJAMARCA,SAN PABLO,SAN BERNARDINO,12.5
468,CAJAMARCA,SAN PABLO,SAN LUIS,12.5
469,CAJAMARCA,SAN PABLO,SAN PABLO,75.0
470,CAJAMARCA,SANTA CRUZ,CATACHE,20.0
471,CAJAMARCA,SANTA CRUZ,CHANCAYBAÑOS,15.0
472,CAJAMARCA,SANTA CRUZ,NINABAMBA,5.0
473,CAJAMARCA,SANTA CRUZ,PULAN,5.0
474,CAJAMARCA,SANTA CRUZ,SANTA CRUZ,40.0
475,CAJAMARCA,SANTA CRUZ,SAUCEPAMPA,10.0
476,CAJAMARCA,SANTA CRUZ,YAUYUCAN,5.0
477,CALLAO,CALLAO,BELLAVISTA,9.38
478,CALLAO,CALLAO,CALLAO,59.55
479,CALLAO,CALLAO,CARMEN DE LA LEGUA REYNOSO,2.36
480,CALLAO,CALLAO,CARMEN DE LA LEGUA-REYNOSO,3.47
481,CALLAO,CALLAO,LA PERLA,5.57
482,CALLAO,CALLAO,LA PUNTA,0.64
483,CALLAO,CALLAO,MI PERU,2.19
484,CALLAO,CALLAO,VENTANILLA,16.84
485,CALLAO,LIMA,CARABAYLLO,14.29
486,CALLAO,LIMA,LIMA,14.29
487,CALLAO,LIMA,PUENTE PIEDRA,14.29
488,CALLAO,LIMA,SAN MARTIN DE PORRES,42.86
489,CALLAO,LIMA,SAN MIGUEL,14.29
490,CALLAO,MORROPON,MORROPON,100.0
491,CUSCO,ACOMAYO,ACOMAYO,55.56
492,CUSCO,ACOMAYO,ACOPIA,11.11
493,CUSCO,ACOMAYO,ACOS,22.22
494,CUSCO,ACOMAYO,SANGARARA,11.11
495,CUSCO,ANTA,ANCAHUASI,11.76
496,CUSCO,ANTA,ANTA,44.12
497,CUSCO,ANTA,CACHIMAYO,2.94
498,CUSCO,ANTA,HUAROCONDO,14.71
499,CUSCO,ANTA,LIMATAMBO,2.94
500,CUSCO,ANTA,MOLLEPATA,5.88
501,CUSCO,ANTA,PUCYURA,8.82
502,CUSCO,ANTA,ZURITE,8.82
503,CUSCO,CALCA,CALCA,62.5
504,CUSCO,CALCA,COYA,6.25
505,CUSCO,CALCA,PISAC,25.0
506,CUSCO,CALCA,YANATILE,6.25
507,CUSCO,CANAS,CHECCA,14.29
508,CUSCO,CANAS,KUNTURKANKI,21.43
509,CUSCO,CANAS,LANGUI,7.14
510,CUSCO,CANAS,LAYO,21.43
511,CUSCO,CANAS,QUEHUE,14.29
512,CUSCO,CANAS,TUPAC AMARU,7.14
513,CUSCO,CANAS,YANAOCA,14.29
514,CUSCO,CANCHIS,CHECACUPE,5.33
515,CUSCO,CANCHIS,COMBAPATA,1.33
516,CUSCO,CANCHIS,MARANGANI,4.0
517,CUSCO,CANCHIS,PITUMARCA,2.67
518,CUSCO,CANCHIS,SAN PABLO,5.33
519,CUSCO,CANCHIS,SAN PEDRO,2.67
520,CUSCO,CANCHIS,SICUANI,74.67
521,CUSCO,CANCHIS,TINTA,4.0
522,CUSCO,CHUMBIVILCAS,CHAMACA,7.14
523,CUSCO,CHUMBIVILCAS,LIVITACA,7.14
524,CUSCO,CHUMBIVILCAS,LLUSCO,7.14
525,CUSCO,CHUMBIVILCAS,SANTO TOMAS,57.14
526,CUSCO,CHUMBIVILCAS,VELILLE,21.43
527,CUSCO,CUSCO,CCORCA,0.26
528,CUSCO,CUSCO,CUSCO,29.92
529,CUSCO,CUSCO,POROY,1.79
530,CUSCO,CUSCO,SAN JERONIMO,6.91
531,CUSCO,CUSCO,SAN SEBASTIAN,15.6
532,CUSCO,CUSCO,SANTIAGO,22.76
533,CUSCO,CUSCO,SAYLLA,0.77
534,CUSCO,CUSCO,WANCHAQ,21.99
535,CUSCO,ESPINAR,ALTO PICHIGUA,5.56
536,CUSCO,ESPINAR,COPORAQUE,11.11
537,CUSCO,ESPINAR,ESPINAR,72.22
538,CUSCO,ESPINAR,PALLPATA,5.56
539,CUSCO,ESPINAR,PICHIGUA,5.56
540,CUSCO,LA CONVENCION,ECHARATE,10.64
541,CUSCO,LA CONVENCION,HUAYOPATA,4.26
542,CUSCO,LA CONVENCION,KIMBIRI,3.19
543,CUSCO,LA CONVENCION,MARANURA,5.32
544,CUSCO,LA CONVENCION,MEGANTONI,2.13
545,CUSCO,LA CONVENCION,PICHARI,4.26
546,CUSCO,LA CONVENCION,QUELLOUNO,3.19
547,CUSCO,LA CONVENCION,SANTA ANA,63.83
548,CUSCO,LA CONVENCION,SANTA TERESA,1.06
549,CUSCO,LA CONVENCION,VILCABAMBA,1.06
550,CUSCO,LA CONVENCION,VILLA VIRGEN,1.06
551,CUSCO,PARURO,ACCHA,16.67
552,CUSCO,PARURO,CCAPI,16.67
553,CUSCO,PARURO,COLCHA,33.33
554,CUSCO,PARURO,HUANOQUITE,16.67
555,CUSCO,PARURO,PACCARITAMBO,16.67
556,CUSCO,PAUCARTAMBO,CAICAY,16.67
557,CUSCO,PAUCARTAMBO,HUANCARANI,16.67
558,CUSCO,PAUCARTAMBO,KOSÂ´.Â¢IPATA,16.67
559,CUSCO,PAUCARTAMBO,PAUCARTAMBO,50.0
560,CUSCO,QUISPICANCHI,ANDAHUAYLILLAS,8.11
561,CUSCO,QUISPICANCHI,CAMANTI,2.7
562,CUSCO,QUISPICANCHI,CCARHUAYO,2.7
563,CUSCO,QUISPICANCHI,CCATCA,5.41
564,CUSCO,QUISPICANCHI,CUSIPATA,16.22
565,CUSCO,QUISPICANCHI,LUCRE,5.41
566,CUSCO,QUISPICANCHI,OCONGATE,10.81
567,CUSCO,QUISPICANCHI,OROPESA,13.51
568,CUSCO,QUISPICANCHI,QUIQUIJANA,5.41
569,CUSCO,QUISPICANCHI,URCOS,29.73
570,CUSCO,URUBAMBA,CHINCHERO,16.13
571,CUSCO,URUBAMBA,MARAS,9.68
572,CUSCO,URUBAMBA,OLLANTAYTAMBO,16.13
573,CUSCO,URUBAMBA,URUBAMBA,51.61
574,CUSCO,URUBAMBA,YUCAY,6.45
575,HUANCAVELICA,ACOBAMBA,ACOBAMBA,70.0
576,HUANCAVELICA,ACOBAMBA,PAUCARA,30.0
577,HUANCAVELICA,ANGARAES,ANCHONGA,8.0
578,HUANCAVELICA,ANGARAES,CCOCHACCASA,4.0
579,HUANCAVELICA,ANGARAES,CONGALLA,4.0
580,HUANCAVELICA,ANGARAES,JULCAMARCA,8.0
581,HUANCAVELICA,ANGARAES,LIRCAY,76.0
582,HUANCAVELICA,CASTROVIRREYNA,ARMA,8.33
583,HUANCAVELICA,CASTROVIRREYNA,AURAHUA,8.33
584,HUANCAVELICA,CASTROVIRREYNA,CASTROVIRREYNA,16.67
585,HUANCAVELICA,CASTROVIRREYNA,CHUPAMARCA,8.33
586,HUANCAVELICA,CASTROVIRREYNA,COCAS,8.33
587,HUANCAVELICA,CASTROVIRREYNA,HUACHOS,16.67
588,HUANCAVELICA,CASTROVIRREYNA,SAN JUAN,8.33
589,HUANCAVELICA,CASTROVIRREYNA,SANTA ANA,16.67
590,HUANCAVELICA,CASTROVIRREYNA,TICRAPO,8.33
591,HUANCAVELICA,CHURCAMPA,ANCO,20.0
592,HUANCAVELICA,CHURCAMPA,CHINCHIHUASI,6.67
593,HUANCAVELICA,CHURCAMPA,CHURCAMPA,26.67
594,HUANCAVELICA,CHURCAMPA,LA MERCED,13.33
595,HUANCAVELICA,CHURCAMPA,LOCROJA,13.33
596,HUANCAVELICA,CHURCAMPA,PAUCARBAMBA,20.0
597,HUANCAVELICA,HUANCAVELICA,ACOBAMBILLA,3.81
598,HUANCAVELICA,HUANCAVELICA,ACORIA,7.62
599,HUANCAVELICA,HUANCAVELICA,ASCENSION,6.67
600,HUANCAVELICA,HUANCAVELICA,CONAYCA,1.9
601,HUANCAVELICA,HUANCAVELICA,HUACHOCOLPA,0.95
602,HUANCAVELICA,HUANCAVELICA,HUANCAVELICA,63.81
603,HUANCAVELICA,HUANCAVELICA,HUANDO,3.81
604,HUANCAVELICA,HUANCAVELICA,PALCA,2.86
605,HUANCAVELICA,HUANCAVELICA,PILCHACA,1.9
606,HUANCAVELICA,HUANCAVELICA,VILCA,2.86
607,HUANCAVELICA,HUANCAVELICA,YAULI,3.81
608,HUANCAVELICA,HUAROCHIRI,SANTA EULALIA,100.0
609,HUANCAVELICA,HUAYTARA,AYAVI,10.0
610,HUANCAVELICA,HUAYTARA,CORDOVA,15.0
611,HUANCAVELICA,HUAYTARA,HUAYACUNDO ARMA,10.0
612,HUANCAVELICA,HUAYTARA,HUAYTARA,15.0
613,HUANCAVELICA,HUAYTARA,LARAMARCA,5.0
614,HUANCAVELICA,HUAYTARA,QUITO ARMA,5.0
615,HUANCAVELICA,HUAYTARA,SAN FRANCISCO DE SANGAYAICO,5.0
616,HUANCAVELICA,HUAYTARA,SANTIAGO DE CHOCORVOS,30.0
617,HUANCAVELICA,HUAYTARA,TAMBO,5.0
618,HUANCAVELICA,TAYACAJA,ACOSTAMBO,4.65
619,HUANCAVELICA,TAYACAJA,ACRAQUIA,11.63
620,HUANCAVELICA,TAYACAJA,AHUAYCHA,4.65
621,HUANCAVELICA,TAYACAJA,COLCABAMBA,2.33
622,HUANCAVELICA,TAYACAJA,DANIEL HERNANDEZ,6.98
623,HUANCAVELICA,TAYACAJA,HUACHOCOLPA,2.33
624,HUANCAVELICA,TAYACAJA,HUARIBAMBA,6.98
625,HUANCAVELICA,TAYACAJA,PAMPAS,34.88
626,HUANCAVELICA,TAYACAJA,PAZOS,2.33
627,HUANCAVELICA,TAYACAJA,PICHOS,4.65
628,HUANCAVELICA,TAYACAJA,QUICHUAS,2.33
629,HUANCAVELICA,TAYACAJA,SALCABAMBA,6.98
630,HUANCAVELICA,TAYACAJA,SAN MARCOS DE ROCCHAC,2.33
631,HUANCAVELICA,TAYACAJA,SURCUBAMBA,2.33
632,HUANCAVELICA,TAYACAJA,ÑAHUIMPUQUIO,4.65
633,HUANUCO,AMBO,AMBO,54.05
634,HUANUCO,AMBO,CAYNA,2.7
635,HUANUCO,AMBO,COLPAS,2.7
636,HUANUCO,AMBO,CONCHAMARCA,8.11
637,HUANUCO,AMBO,HUACAR,16.22
638,HUANUCO,AMBO,SAN RAFAEL,10.81
639,HUANUCO,AMBO,TOMAY KICHWA,2.7
640,HUANUCO,AMBO,TOMAY-KICHWA,2.7
641,HUANUCO,DOS DE MAYO,APARICIO POMARES (CHUPAN),4.35
642,HUANUCO,DOS DE MAYO,CHUQUIS,4.35
643,HUANUCO,DOS DE MAYO,HUALLANCA,4.35
644,HUANUCO,DOS DE MAYO,LA UNION,26.09
645,HUANUCO,DOS DE MAYO,PACHAS,17.39
646,HUANUCO,DOS DE MAYO,QUIVILLA,4.35
647,HUANUCO,DOS DE MAYO,RIPAN,17.39
648,HUANUCO,DOS DE MAYO,RONDOS,4.35
649,HUANUCO,DOS DE MAYO,SAN FRANCISCO DE ASIS,4.35
650,HUANUCO,DOS DE MAYO,SILLAPATA,8.7
651,HUANUCO,DOS DE MAYO,YANAS,4.35
652,HUANUCO,HUACAYBAMBA,HUACAYBAMBA,75.0
653,HUANUCO,HUACAYBAMBA,PINRA,25.0
654,HUANUCO,HUAMALIES,JACAS GRANDE,9.09
655,HUANUCO,HUAMALIES,LLATA,31.82
656,HUANUCO,HUAMALIES,MIRAFLORES,4.55
657,HUANUCO,HUAMALIES,MONZON,45.45
658,HUANUCO,HUAMALIES,PUÑOS,9.09
659,HUANUCO,HUANUCO,AMARILIS,24.24
660,HUANUCO,HUANUCO,CHINCHAO,0.87
661,HUANUCO,HUANUCO,CHURUBAMBA,0.87
662,HUANUCO,HUANUCO,HUANUCO,57.58
663,HUANUCO,HUANUCO,MARGOS,1.08
664,HUANUCO,HUANUCO,PILLCO MARCA,9.09
665,HUANUCO,HUANUCO,QUISQUI,0.65
666,HUANUCO,HUANUCO,SAN FRANCISCO DE CAYRAN,1.08
667,HUANUCO,HUANUCO,SAN PABLO DE PILLAO,0.43
668,HUANUCO,HUANUCO,SAN PEDRO DE CHAULAN,0.22
669,HUANUCO,HUANUCO,SANTA MARIA DEL VALLE,3.46
670,HUANUCO,HUANUCO,YACUS,0.22
671,HUANUCO,HUANUCO,YARUMAYO,0.22
672,HUANUCO,LAURICOCHA,BAÑOS,28.57
673,HUANUCO,LAURICOCHA,JESUS,14.29
674,HUANUCO,LAURICOCHA,JIVIA,14.29
675,HUANUCO,LAURICOCHA,RONDOS,14.29
676,HUANUCO,LAURICOCHA,SAN FRANCISCO DE ASIS,28.57
677,HUANUCO,LEONCIO PRADO,CASTILLO GRANDE,6.29
678,HUANUCO,LEONCIO PRADO,DANIEL ALOMIA ROBLES,1.14
679,HUANUCO,LEONCIO PRADO,HERMILIO VALDIZAN,1.14
680,HUANUCO,LEONCIO PRADO,JOSE CRESPO Y CASTILLO,14.29
681,HUANUCO,LEONCIO PRADO,LUYANDO,4.0
682,HUANUCO,LEONCIO PRADO,MARIANO DAMASO BERAUN,3.43
683,HUANUCO,LEONCIO PRADO,PUCAYACU,1.14
684,HUANUCO,LEONCIO PRADO,PUEBLO NUEVO,0.57
685,HUANUCO,LEONCIO PRADO,RUPA RUPA,1.14
686,HUANUCO,LEONCIO PRADO,RUPA-RUPA,66.29
687,HUANUCO,LEONCIO PRADO,SANTO DOMINGO DE ANDA,0.57
688,HUANUCO,MARAÑON,CHOLON,50.0
689,HUANUCO,MARAÑON,HUACRACHUCO,50.0
690,HUANUCO,PACHITEA,CHAGLLA,14.29
691,HUANUCO,PACHITEA,MOLINO,28.57
692,HUANUCO,PACHITEA,PANAO,35.71
693,HUANUCO,PACHITEA,UMARI,21.43
694,HUANUCO,PUERTO INCA,CODO DEL POZUZO,22.22
695,HUANUCO,PUERTO INCA,HONORIA,22.22
696,HUANUCO,PUERTO INCA,PUERTO INCA,44.44
697,HUANUCO,PUERTO INCA,TOURNAVISTA,11.11
698,HUANUCO,YAROWILCA,CHAVINILLO,42.86
699,HUANUCO,YAROWILCA,CHORAS,28.57
700,HUANUCO,YAROWILCA,JACAS CHICO,14.29
701,HUANUCO,YAROWILCA,PAMPAMARCA,14.29
702,ICA,CHINCHA,ALTO LARAN,1.93
703,ICA,CHINCHA,CHAVIN,0.36
704,ICA,CHINCHA,CHINCHA ALTA,43.61
705,ICA,CHINCHA,CHINCHA BAJA,5.3
706,ICA,CHINCHA,EL CARMEN,2.41
707,ICA,CHINCHA,GROCIO PRADO,18.92
708,ICA,CHINCHA,PUEBLO NUEVO,13.25
709,ICA,CHINCHA,SAN JUAN DE YANAC,0.12
710,ICA,CHINCHA,SUNAMPE,12.53
711,ICA,CHINCHA,TAMBO DE MORA,1.57
712,ICA,ICA,ICA,49.89
713,ICA,ICA,LA TINGUINA,0.22
714,ICA,ICA,LA TINGUIÂ´.Â¢A,0.43
715,ICA,ICA,LA TINGUIÑA,7.83
716,ICA,ICA,LOS AQUIJES,4.24
717,ICA,ICA,OCUCAJE,0.98
718,ICA,ICA,PACHACUTEC,2.93
719,ICA,ICA,PARCONA,10.11
720,ICA,ICA,PUEBLO NUEVO,1.52
721,ICA,ICA,SALAS,3.7
722,ICA,ICA,SAN JOSE DE LOS MOLINOS,1.85
723,ICA,ICA,SAN JUAN BAUTISTA,1.85
724,ICA,ICA,SANTIAGO,5.33
725,ICA,ICA,SUBTANJALLA,5.22
726,ICA,ICA,TATE,2.83
727,ICA,ICA,YAUCA DEL ROSARIO,1.09
728,ICA,NASCA,NASCA,100.0
729,ICA,NAZCA,CHANGUILLO,0.78
730,ICA,NAZCA,EL INGENIO,3.12
731,ICA,NAZCA,MARCONA,25.0
732,ICA,NAZCA,NAZCA,47.66
733,ICA,NAZCA,VISTA ALEGRE,23.44
734,ICA,PALPA,PALPA,65.91
735,ICA,PALPA,RIO GRANDE,27.27
736,ICA,PALPA,SANTA CRUZ,6.82
737,ICA,PISCO,HUANCANO,0.86
738,ICA,PISCO,HUMAY,2.57
739,ICA,PISCO,INDEPENDENCIA,4.29
740,ICA,PISCO,PARACAS,3.43
741,ICA,PISCO,PISCO,49.14
742,ICA,PISCO,SAN ANDRES,10.57
743,ICA,PISCO,SAN CLEMENTE,17.14
744,ICA,PISCO,TUPAC AMARU INCA,12.0
745,JUNIN,CHANCHAMAYO,CHANCHAMAYO,30.86
746,JUNIN,CHANCHAMAYO,PERENE,27.34
747,JUNIN,CHANCHAMAYO,PICHANAQUI,17.58
748,JUNIN,CHANCHAMAYO,SAN LUIS DE SHUARO,3.52
749,JUNIN,CHANCHAMAYO,SAN RAMON,20.7
750,JUNIN,CHUPACA,AHUAC,8.11
751,JUNIN,CHUPACA,CHONGOS BAJO,6.76
752,JUNIN,CHUPACA,CHUPACA,52.7
753,JUNIN,CHUPACA,HUACHAC,1.35
754,JUNIN,CHUPACA,HUAMANCACA CHICO,17.57
755,JUNIN,CHUPACA,SAN JUAN DE ISCOS,4.05
756,JUNIN,CHUPACA,SAN JUAN DE JARPA,2.7
757,JUNIN,CHUPACA,TRES DE DICIEMBRE,2.7
758,JUNIN,CHUPACA,YANACANCHA,4.05
759,JUNIN,CONCEPCION,ACO,5.88
760,JUNIN,CONCEPCION,ANDAMARCA,1.96
761,JUNIN,CONCEPCION,COMAS,25.49
762,JUNIN,CONCEPCION,CONCEPCION,29.41
763,JUNIN,CONCEPCION,HEROINAS TOLEDO,3.92
764,JUNIN,CONCEPCION,MANZANARES,3.92
765,JUNIN,CONCEPCION,MATAHUASI,1.96
766,JUNIN,CONCEPCION,MITO,3.92
767,JUNIN,CONCEPCION,NUEVE DE JULIO,1.96
768,JUNIN,CONCEPCION,ORCOTUNA,15.69
769,JUNIN,CONCEPCION,SAN JOSE DE QUERO,5.88
770,JUNIN,HUANCAYO,CARHUACALLANGA,0.26
771,JUNIN,HUANCAYO,CHACAPAMPA,0.13
772,JUNIN,HUANCAYO,CHICCHE,0.13
773,JUNIN,HUANCAYO,CHILCA,15.0
774,JUNIN,HUANCAYO,CHUPURO,0.13
775,JUNIN,HUANCAYO,COLCA,0.26
776,JUNIN,HUANCAYO,EL TAMBO,31.32
777,JUNIN,HUANCAYO,HUALHUAS,0.39
778,JUNIN,HUANCAYO,HUANCAN,1.84
779,JUNIN,HUANCAYO,HUANCAYO,37.89
780,JUNIN,HUANCAYO,HUAYUCACHI,0.66
781,JUNIN,HUANCAYO,PARIAHUANCA,0.13
782,JUNIN,HUANCAYO,PILCOMAYO,2.76
783,JUNIN,HUANCAYO,PUCARA,0.92
784,JUNIN,HUANCAYO,QUICHUAY,0.66
785,JUNIN,HUANCAYO,QUILCAS,0.39
786,JUNIN,HUANCAYO,SAN AGUSTIN,2.24
787,JUNIN,HUANCAYO,SAN JERONIMO DE TUNAN,1.32
788,JUNIN,HUANCAYO,SANTO DOMINGO DE ACOBAMBA,0.39
789,JUNIN,HUANCAYO,SAPALLANGA,2.11
790,JUNIN,HUANCAYO,SAÑO,0.53
791,JUNIN,HUANCAYO,SICAYA,0.26
792,JUNIN,HUANCAYO,VIQUES,0.26
793,JUNIN,JAUJA,ACOLLA,9.72
794,JUNIN,JAUJA,APATA,2.78
795,JUNIN,JAUJA,ATAURA,1.39
796,JUNIN,JAUJA,EL MANTARO,1.39
797,JUNIN,JAUJA,HUAMALI,4.17
798,JUNIN,JAUJA,HUERTAS,2.78
799,JUNIN,JAUJA,JAUJA,27.78
800,JUNIN,JAUJA,LEONOR ORDOÑEZ,1.39
801,JUNIN,JAUJA,LLOCLLAPAMPA,1.39
802,JUNIN,JAUJA,MARCO,2.78
803,JUNIN,JAUJA,MASMA,5.56
804,JUNIN,JAUJA,MOLINOS,2.78
805,JUNIN,JAUJA,MONOBAMBA,1.39
806,JUNIN,JAUJA,MUQUI,1.39
807,JUNIN,JAUJA,MUQUIYAUYO,2.78
808,JUNIN,JAUJA,PACA,5.56
809,JUNIN,JAUJA,PARCO,1.39
810,JUNIN,JAUJA,POMACANCHA,2.78
811,JUNIN,JAUJA,SAN LORENZO,2.78
812,JUNIN,JAUJA,SAUSA,5.56
813,JUNIN,JAUJA,YAULI,2.78
814,JUNIN,JAUJA,YAUYOS,9.72
815,JUNIN,JUNIN,CARHUAMAYO,23.08
816,JUNIN,JUNIN,JUN-N,10.26
817,JUNIN,JUNIN,JUNIN,43.59
818,JUNIN,JUNIN,ONDORES,12.82
819,JUNIN,JUNIN,ULCUMAYO,10.26
820,JUNIN,SATIPO,COVIRIALI,5.5
821,JUNIN,SATIPO,MAZAMARI,9.17
822,JUNIN,SATIPO,PANGOA,44.95
823,JUNIN,SATIPO,RIO NEGRO,9.17
824,JUNIN,SATIPO,RIO TAMBO,0.92
825,JUNIN,SATIPO,SATIPO,29.36
826,JUNIN,SATIPO,VIZCATAN DEL ENE,0.92
827,JUNIN,TARMA,ACOBAMBA,5.04
828,JUNIN,TARMA,HUASAHUASI,5.88
829,JUNIN,TARMA,LA UNION,4.2
830,JUNIN,TARMA,PALCA,1.68
831,JUNIN,TARMA,PALCAMAYO,5.88
832,JUNIN,TARMA,SAN PEDRO DE CAJAS,0.84
833,JUNIN,TARMA,TAPO,1.68
834,JUNIN,TARMA,TARMA,74.79
835,JUNIN,YAULI,CHACAPALPA,3.51
836,JUNIN,YAULI,LA OROYA,59.65
837,JUNIN,YAULI,MOROCOCHA,1.75
838,JUNIN,YAULI,PACCHA,5.26
839,JUNIN,YAULI,SANTA ROSA DE SACCO,19.3
840,JUNIN,YAULI,SUITUCANCHA,3.51
841,JUNIN,YAULI,YAULI,7.02
842,LA LIBERTAD,ASCOPE,ASCOPE,5.95
843,LA LIBERTAD,ASCOPE,CASA GRANDE,25.79
844,LA LIBERTAD,ASCOPE,CHICAMA,9.92
845,LA LIBERTAD,ASCOPE,CHOCOPE,14.29
846,LA LIBERTAD,ASCOPE,MAGDALENA DE CAO,2.78
847,LA LIBERTAD,ASCOPE,PAIJAN,13.49
848,LA LIBERTAD,ASCOPE,RAZURI,5.56
849,LA LIBERTAD,ASCOPE,SANTIAGO DE CAO,22.22
850,LA LIBERTAD,BOLIVAR,BAMBAMARCA,100.0
851,LA LIBERTAD,CHEPEN,CHEP+N,49.28
852,LA LIBERTAD,CHEPEN,CHEPEN,35.89
853,LA LIBERTAD,CHEPEN,PACANGA,8.61
854,LA LIBERTAD,CHEPEN,PUEBLO NUEVO,6.22
855,LA LIBERTAD,GRAN CHIMU,CASCAS,68.18
856,LA LIBERTAD,GRAN CHIMU,COMPIN,4.55
857,LA LIBERTAD,GRAN CHIMU,LUCMA,18.18
858,LA LIBERTAD,GRAN CHIMU,MARMOT,4.55
859,LA LIBERTAD,GRAN CHIMU,SAYAPULLO,4.55
860,LA LIBERTAD,JULCAN,CALAMARCA,25.0
861,LA LIBERTAD,JULCAN,CARABAMBA,50.0
862,LA LIBERTAD,JULCAN,JULCAN,25.0
863,LA LIBERTAD,OTUZCO,AGALLPAMPA,11.54
864,LA LIBERTAD,OTUZCO,CHARAT,1.92
865,LA LIBERTAD,OTUZCO,HUARANCHAL,1.92
866,LA LIBERTAD,OTUZCO,LA CUESTA,1.92
867,LA LIBERTAD,OTUZCO,MACHE,9.62
868,LA LIBERTAD,OTUZCO,OTUZCO,55.77
869,LA LIBERTAD,OTUZCO,SALPO,3.85
870,LA LIBERTAD,OTUZCO,SINSICAP,3.85
871,LA LIBERTAD,OTUZCO,USQUIL,9.62
872,LA LIBERTAD,PACASMAYO,GUADALUPE,41.92
873,LA LIBERTAD,PACASMAYO,JEQUETEPEQUE,1.8
874,LA LIBERTAD,PACASMAYO,PACASMAYO,35.93
875,LA LIBERTAD,PACASMAYO,SAN JOSE,5.39
876,LA LIBERTAD,PACASMAYO,SAN PEDRO DE LLOC,14.97
877,LA LIBERTAD,PATAZ,BULDIBUYO,4.17
878,LA LIBERTAD,PATAZ,CHILLIA,12.5
879,LA LIBERTAD,PATAZ,HUANCASPATA,4.17
880,LA LIBERTAD,PATAZ,PARCOY,29.17
881,LA LIBERTAD,PATAZ,PATAZ,25.0
882,LA LIBERTAD,PATAZ,PIAS,4.17
883,LA LIBERTAD,PATAZ,TAYABAMBA,16.67
884,LA LIBERTAD,PATAZ,URPAY,4.17
885,LA LIBERTAD,SANCHEZ CARRION,CHUGAY,7.14
886,LA LIBERTAD,SANCHEZ CARRION,CURGOS,7.14
887,LA LIBERTAD,SANCHEZ CARRION,HUAMACHUCO,53.57
888,LA LIBERTAD,SANCHEZ CARRION,MARCABAL,10.71
889,LA LIBERTAD,SANCHEZ CARRION,SANAGORAN,3.57
890,LA LIBERTAD,SANCHEZ CARRION,SARIN,3.57
891,LA LIBERTAD,SANCHEZ CARRION,SARTIMBAMBA,14.29
892,LA LIBERTAD,SANTIAGO DE CHUCO,ANGASMARCA,10.0
893,LA LIBERTAD,SANTIAGO DE CHUCO,CACHICADAN,15.0
894,LA LIBERTAD,SANTIAGO DE CHUCO,MOLLEBAMBA,5.0
895,LA LIBERTAD,SANTIAGO DE CHUCO,MOLLEPATA,5.0
896,LA LIBERTAD,SANTIAGO DE CHUCO,QUIRUVILCA,15.0
897,LA LIBERTAD,SANTIAGO DE CHUCO,SANTA CRUZ DE CHUCA,15.0
898,LA LIBERTAD,SANTIAGO DE CHUCO,SANTIAGO DE CHUCO,30.0
899,LA LIBERTAD,SANTIAGO DE CHUCO,SITABAMBA,5.0
900,LA LIBERTAD,TRUJILLO,EL PORVENIR,13.21
901,LA LIBERTAD,TRUJILLO,FLORENCIA DE MORA,8.83
902,LA LIBERTAD,TRUJILLO,HUANCHACO,3.43
903,LA LIBERTAD,TRUJILLO,LA ESPERANZA,17.9
904,LA LIBERTAD,TRUJILLO,LAREDO,4.79
905,LA LIBERTAD,TRUJILLO,MOCHE,3.33
906,LA LIBERTAD,TRUJILLO,POROTO,0.05
907,LA LIBERTAD,TRUJILLO,SALAVERRY,1.82
908,LA LIBERTAD,TRUJILLO,SIMBAL,0.3
909,LA LIBERTAD,TRUJILLO,TRUJILLO,41.15
910,LA LIBERTAD,TRUJILLO,VICTOR LARCO HERRERA,5.19
911,LA LIBERTAD,VIRU,CHAO,26.8
912,LA LIBERTAD,VIRU,GUADALUPITO,10.31
913,LA LIBERTAD,VIRU,VIR+,21.65
914,LA LIBERTAD,VIRU,VIRU,41.24
915,LAMBAYEQUE,CHICLAYO,CAYALTI,1.41
916,LAMBAYEQUE,CHICLAYO,CHICLAYO,50.81
917,LAMBAYEQUE,CHICLAYO,CHONGOYAPE,1.28
918,LAMBAYEQUE,CHICLAYO,ETEN,1.82
919,LAMBAYEQUE,CHICLAYO,ETEN PUERTO,0.13
920,LAMBAYEQUE,CHICLAYO,JOSE LEONARDO ORTIZ,15.88
921,LAMBAYEQUE,CHICLAYO,LA VICTORIA,9.02
922,LAMBAYEQUE,CHICLAYO,LAGUNAS,1.28
923,LAMBAYEQUE,CHICLAYO,MONSEFU,2.83
924,LAMBAYEQUE,CHICLAYO,NUEVA ARICA,0.13
925,LAMBAYEQUE,CHICLAYO,OYOTUN,0.4
926,LAMBAYEQUE,CHICLAYO,PATAPO,2.49
927,LAMBAYEQUE,CHICLAYO,PICSI,1.35
928,LAMBAYEQUE,CHICLAYO,PIMENTEL,2.76
929,LAMBAYEQUE,CHICLAYO,POMALCA,2.29
930,LAMBAYEQUE,CHICLAYO,PUCALA,1.35
931,LAMBAYEQUE,CHICLAYO,REQUE,1.08
932,LAMBAYEQUE,CHICLAYO,SANTA ROSA,1.21
933,LAMBAYEQUE,CHICLAYO,SAÑA,0.34
934,LAMBAYEQUE,CHICLAYO,TUMAN,2.15
935,LAMBAYEQUE,EXTRANJERO,EXTRANJERO,100.0
936,LAMBAYEQUE,FERRENAFE,FERRENAFE,50.0
937,LAMBAYEQUE,FERRENAFE,MANUEL ANTONIO MESONES MURO,50.0
938,LAMBAYEQUE,FERREÂ´.Â¢AFE,PITIPO,50.0
939,LAMBAYEQUE,FERREÂ´.Â¢AFE,PUEBLO NUEVO,50.0
940,LAMBAYEQUE,FERREÑAFE,CAÑARIS,1.34
941,LAMBAYEQUE,FERREÑAFE,FERREÑAFE,69.8
942,LAMBAYEQUE,FERREÑAFE,INCAHUASI,2.01
943,LAMBAYEQUE,FERREÑAFE,MANUEL ANTONIO MESONES MURO,2.68
944,LAMBAYEQUE,FERREÑAFE,PITIPO,14.77
945,LAMBAYEQUE,FERREÑAFE,PUEBLO NUEVO,9.4
946,LAMBAYEQUE,LAMBAYEQUE,ILLIMO,6.29
947,LAMBAYEQUE,LAMBAYEQUE,JAYANCA,5.03
948,LAMBAYEQUE,LAMBAYEQUE,LAMBAYEQUE,30.19
949,LAMBAYEQUE,LAMBAYEQUE,MOCHUMI,6.6
950,LAMBAYEQUE,LAMBAYEQUE,MORROPE,7.55
951,LAMBAYEQUE,LAMBAYEQUE,MOTUPE,11.95
952,LAMBAYEQUE,LAMBAYEQUE,OLMOS,11.95
953,LAMBAYEQUE,LAMBAYEQUE,PACORA,4.09
954,LAMBAYEQUE,LAMBAYEQUE,SALAS,0.94
955,LAMBAYEQUE,LAMBAYEQUE,SAN JOSE,3.46
956,LAMBAYEQUE,LAMBAYEQUE,TUCUME,11.95
957,LAMBAYEQUE,LIMA,SAN JUAN DE LURIGANCHO,100.0
958,LAMBAYEQUE,PIURA,CASTILLA,100.0
959,LIMA,BARRANCA,BARRANCA,52.82
960,LIMA,BARRANCA,PARAMONGA,15.61
961,LIMA,BARRANCA,PATIVILCA,10.96
962,LIMA,BARRANCA,SUPE,12.62
963,LIMA,BARRANCA,SUPE PUERTO,7.97
964,LIMA,CAJATAMBO,CAJATAMBO,50.0
965,LIMA,CAJATAMBO,COPA,50.0
966,LIMA,CANETE,ASIA,8.33
967,LIMA,CANETE,CHILCA,16.67
968,LIMA,CANETE,IMPERIAL,33.33
969,LIMA,CANETE,LUNAHUANA,8.33
970,LIMA,CANETE,MALA,25.0
971,LIMA,CANETE,SAN LUIS,8.33
972,LIMA,CANTA,ARAHUAY,10.53
973,LIMA,CANTA,CANTA,36.84
974,LIMA,CANTA,HUAMANTANGA,15.79
975,LIMA,CANTA,HUAROS,10.53
976,LIMA,CANTA,SAN BUENAVENTURA,5.26
977,LIMA,CANTA,SANTA ROSA DE QUIVES,21.05
978,LIMA,CAÑETE,ASIA,1.19
979,LIMA,CAÑETE,CALANGO,0.48
980,LIMA,CAÑETE,CERRO AZUL,2.61
981,LIMA,CAÑETE,CHILCA,7.36
982,LIMA,CAÑETE,COAYLLO,2.14
983,LIMA,CAÑETE,IMPERIAL,20.67
984,LIMA,CAÑETE,LUNAHUANA,1.9
985,LIMA,CAÑETE,MALA,9.03
986,LIMA,CAÑETE,NUEVO IMPERIAL,6.65
987,LIMA,CAÑETE,PACARAN,0.24
988,LIMA,CAÑETE,QUILMANA,5.46
989,LIMA,CAÑETE,SAN ANTONIO,2.38
990,LIMA,CAÑETE,SAN LUIS,4.28
991,LIMA,CAÑETE,SAN VICENTE DE CAÂ´.Â¢ETE,0.24
992,LIMA,CAÑETE,SAN VICENTE DE CAÑETE,33.25
993,LIMA,CAÑETE,SANTA CRUZ DE FLORES,1.19
994,LIMA,CAÑETE,ZUÑIGA,0.95
995,LIMA,HUARAL,ATAVILLOS BAJO,1.2
996,LIMA,HUARAL,AUCALLAMA,5.02
997,LIMA,HUARAL,CHANCAY,34.69
998,LIMA,HUARAL,HUARAL,56.46
999,LIMA,HUARAL,IHUARI,0.96
1000,LIMA,HUARAL,LAMPIAN,0.48
1001,LIMA,HUARAL,SAN MIGUEL DE ACOS,0.24
1002,LIMA,HUARAL,SUMBILCA,0.72
1003,LIMA,HUARAL,VEINTISIETE DE NOVIEMBRE,0.24
1004,LIMA,HUAROCHIRI,ANTIOQUIA,0.83
1005,LIMA,HUAROCHIRI,CALLAHUANCA,0.83
1006,LIMA,HUAROCHIRI,CARAMPOMA,0.83
1007,LIMA,HUAROCHIRI,CASTA,1.65
1008,LIMA,HUAROCHIRI,CHICLA,1.65
1009,LIMA,HUAROCHIRI,HUANZA,0.83
1010,LIMA,HUAROCHIRI,HUAROCHIR-,0.83
1011,LIMA,HUAROCHIRI,HUAROCHIRI,11.57
1012,LIMA,HUAROCHIRI,LARAOS,0.83
1013,LIMA,HUAROCHIRI,MATUCANA,8.26
1014,LIMA,HUAROCHIRI,RICARDO PALMA,7.44
1015,LIMA,HUAROCHIRI,SAN ANTONIO,28.93
1016,LIMA,HUAROCHIRI,SAN BARTOLOME,0.83
1017,LIMA,HUAROCHIRI,SAN JOSE DE LOS CHORRILLOS,3.31
1018,LIMA,HUAROCHIRI,SAN MATEO,5.79
1019,LIMA,HUAROCHIRI,SAN MATEO DE OTAO,1.65
1020,LIMA,HUAROCHIRI,SAN PEDRO DE HUANCAYRE,1.65
1021,LIMA,HUAROCHIRI,SANTA CRUZ DE COCACHACRA,2.48
1022,LIMA,HUAROCHIRI,SANTA EULALIA,14.88
1023,LIMA,HUAROCHIRI,SANTO DOMINGO DE LOS OLLEROS,2.48
1024,LIMA,HUAROCHIRI,SURCO,2.48
1025,LIMA,HUAURA,AMBAR,0.49
1026,LIMA,HUAURA,CALETA DE CARQUIN,5.09
1027,LIMA,HUAURA,CHECRAS,0.49
1028,LIMA,HUAURA,HUACHO,39.74
1029,LIMA,HUAURA,HUALMAY,13.14
1030,LIMA,HUAURA,HUAURA,12.48
1031,LIMA,HUAURA,PACCHO,0.33
1032,LIMA,HUAURA,SANTA LEONOR,0.16
1033,LIMA,HUAURA,SANTA MARIA,17.08
1034,LIMA,HUAURA,SAYAN,5.58
1035,LIMA,HUAURA,VEGUETA,5.42
1036,LIMA,LIMA,ANCON,0.44
1037,LIMA,LIMA,ATE,5.52
1038,LIMA,LIMA,BARRANCO,0.57
1039,LIMA,LIMA,BREÂ´.Â¢A,0.05
1040,LIMA,LIMA,BREÑA,1.78
1041,LIMA,LIMA,CARABAYLLO,2.28
1042,LIMA,LIMA,CHACLACAYO,0.42
1043,LIMA,LIMA,CHORRILLOS,3.42
1044,LIMA,LIMA,CIENEGUILLA,0.15
1045,LIMA,LIMA,COMAS,6.57
1046,LIMA,LIMA,EL AGUSTINO,3.09
1047,LIMA,LIMA,INDEPENDENCIA,2.52
1048,LIMA,LIMA,JESUS MARIA,1.87
1049,LIMA,LIMA,LA MOLINA,1.12
1050,LIMA,LIMA,LA VICTORIA,4.01
1051,LIMA,LIMA,LIMA,7.74
1052,LIMA,LIMA,LINCE,1.05
1053,LIMA,LIMA,LOS OLIVOS,3.34
1054,LIMA,LIMA,LURIGANCHO,1.26
1055,LIMA,LIMA,LURIN,0.75
1056,LIMA,LIMA,MAGDALENA DEL MAR,0.67
1057,LIMA,LIMA,MIRAFLORES,1.07
1058,LIMA,LIMA,PACHACAMAC,0.59
1059,LIMA,LIMA,PUCUSANA,0.16
1060,LIMA,LIMA,PUEBLO LIBRE,1.12
1061,LIMA,LIMA,PUENTE PIEDRA,2.29
1062,LIMA,LIMA,PUNTA HERMOSA,0.05
1063,LIMA,LIMA,PUNTA NEGRA,0.03
1064,LIMA,LIMA,RIMAC,2.83
1065,LIMA,LIMA,SAN BARTOLO,0.09
1066,LIMA,LIMA,SAN BORJA,0.83
1067,LIMA,LIMA,SAN ISIDRO,0.43
1068,LIMA,LIMA,SAN JUAN DE LURIGANCHO,11.1
1069,LIMA,LIMA,SAN JUAN DE MIRAFLORES,4.4
1070,LIMA,LIMA,SAN LUIS,0.6
1071,LIMA,LIMA,SAN MARTIN DE PORRES,7.13
1072,LIMA,LIMA,SAN MIGUEL,1.33
1073,LIMA,LIMA,SANTA ANITA,2.73
1074,LIMA,LIMA,SANTA MARIA DEL MAR,0.01
1075,LIMA,LIMA,SANTA ROSA,0.1
1076,LIMA,LIMA,SANTIAGO DE SURCO,2.88
1077,LIMA,LIMA,SURQUILLO,1.25
1078,LIMA,LIMA,VILLA EL SALVADOR,6.18
1079,LIMA,LIMA,VILLA MARIA DEL TRIUNFO,4.15
1080,LIMA,OYON,OYON,50.0
1081,LIMA,OYON,PACHANGARA,50.0
1082,LIMA,YAUYOS,CARANIA,3.57
1083,LIMA,YAUYOS,CATAHUASI,7.14
1084,LIMA,YAUYOS,CHOCOS,7.14
1085,LIMA,YAUYOS,COLONIA,7.14
1086,LIMA,YAUYOS,HONGOS,3.57
1087,LIMA,YAUYOS,HUAMPARA,3.57
1088,LIMA,YAUYOS,HUANGASCAR,7.14
1089,LIMA,YAUYOS,HUANTAN,3.57
1090,LIMA,YAUYOS,HUAÑEC,7.14
1091,LIMA,YAUYOS,LARAOS,3.57
1092,LIMA,YAUYOS,PUTINZA,10.71
1093,LIMA,YAUYOS,SAN PEDRO DE PILAS,3.57
1094,LIMA,YAUYOS,TAURIPAMPA,3.57
1095,LIMA,YAUYOS,TOMAS,3.57
1096,LIMA,YAUYOS,VITIS,3.57
1097,LIMA,YAUYOS,VIÑAC,3.57
1098,LIMA,YAUYOS,YAUYOS,17.86
1099,LORETO,ALTO AMAZONAS,JEBEROS,1.54
1100,LORETO,ALTO AMAZONAS,LAGUNAS,1.54
1101,LORETO,ALTO AMAZONAS,YURIMAGUAS,96.92
1102,LORETO,DATEM DEL MARANON,BARRANCA,100.0
1103,LORETO,DATEM DEL MARAÑON,ANDOAS,11.76
1104,LORETO,DATEM DEL MARAÑON,BARRANCA,76.47
1105,LORETO,DATEM DEL MARAÑON,MANSERICHE,11.76
1106,LORETO,LORETO,NAUTA,74.58
1107,LORETO,LORETO,PARINARI,5.08
1108,LORETO,LORETO,TIGRE,3.39
1109,LORETO,LORETO,TROMPETEROS,13.56
1110,LORETO,LORETO,URARINAS,3.39
1111,LORETO,MARISCAL RAMON CASTILLA,PEBAS,20.0
1112,LORETO,MARISCAL RAMON CASTILLA,RAMON CASTILLA,55.0
1113,LORETO,MARISCAL RAMON CASTILLA,SAN PABLO,13.33
1114,LORETO,MARISCAL RAMON CASTILLA,YAVARI,11.67
1115,LORETO,MAYNAS,BELEN,9.49
1116,LORETO,MAYNAS,FERNANDO LORES,0.69
1117,LORETO,MAYNAS,INDIANA,1.93
1118,LORETO,MAYNAS,IQUITOS,53.92
1119,LORETO,MAYNAS,LAS AMAZONAS,0.41
1120,LORETO,MAYNAS,MAZAN,0.55
1121,LORETO,MAYNAS,NAPO,0.14
1122,LORETO,MAYNAS,PUNCHANA,17.06
1123,LORETO,MAYNAS,SAN JUAN BAUTISTA,15.82
1124,LORETO,PUTUMAYO,PUTUMAYO,100.0
1125,LORETO,REQUENA,CAPELO,6.12
1126,LORETO,REQUENA,JENARO HERRERA,16.33
1127,LORETO,REQUENA,MAQUIA,12.24
1128,LORETO,REQUENA,PUINAHUA,2.04
1129,LORETO,REQUENA,REQUENA,61.22
1130,LORETO,REQUENA,TAPICHE,2.04
1131,LORETO,UCAYALI,CONTAMANA,66.67
1132,LORETO,UCAYALI,INAHUAYA,4.44
1133,LORETO,UCAYALI,PADRE MARQUEZ,2.22
1134,LORETO,UCAYALI,SARAYACU,13.33
1135,LORETO,UCAYALI,VARGAS GUERRA,13.33
1136,MADRE DE DIOS,MANU,FITZCARRALD,12.5
1137,MADRE DE DIOS,MANU,HUEPETUHE,50.0
1138,MADRE DE DIOS,MANU,MANU,37.5
1139,MADRE DE DIOS,TAHUAMANU,IBERIA,70.0
1140,MADRE DE DIOS,TAHUAMANU,IÑAPARI,10.0
1141,MADRE DE DIOS,TAHUAMANU,TAHUAMANU,20.0
1142,MADRE DE DIOS,TAMBOPATA,INAMBARI,3.75
1143,MADRE DE DIOS,TAMBOPATA,LABERINTO,2.5
1144,MADRE DE DIOS,TAMBOPATA,LAS PIEDRAS,1.25
1145,MADRE DE DIOS,TAMBOPATA,TAMBOPATA,92.5
1146,MOQUEGUA,GENERAL SANCHEZ CERRO,CHOJATA,6.25
1147,MOQUEGUA,GENERAL SANCHEZ CERRO,ICHUÑA,12.5
1148,MOQUEGUA,GENERAL SANCHEZ CERRO,LA CAPILLA,12.5
1149,MOQUEGUA,GENERAL SANCHEZ CERRO,MATALAQUE,18.75
1150,MOQUEGUA,GENERAL SANCHEZ CERRO,OMATE,37.5
1151,MOQUEGUA,GENERAL SANCHEZ CERRO,PUQUINA,6.25
1152,MOQUEGUA,GENERAL SANCHEZ CERRO,QUINISTAQUILLAS,6.25
1153,MOQUEGUA,ILO,EL ALGARROBAL,0.8
1154,MOQUEGUA,ILO,ILO,94.8
1155,MOQUEGUA,ILO,PACOCHA,4.4
1156,MOQUEGUA,MARISCAL NIETO,CARUMAS,2.09
1157,MOQUEGUA,MARISCAL NIETO,MOQUEGUA,84.82
1158,MOQUEGUA,MARISCAL NIETO,SAMEGUA,5.76
1159,MOQUEGUA,MARISCAL NIETO,SAN CRISTOBAL,2.62
1160,MOQUEGUA,MARISCAL NIETO,TORATA,4.71
1161,PASCO,DANIEL ALCIDES CARRION,CHACAYAN,2.94
1162,PASCO,DANIEL ALCIDES CARRION,GOYLLARISQUIZGA,8.82
1163,PASCO,DANIEL ALCIDES CARRION,PAUCAR,8.82
1164,PASCO,DANIEL ALCIDES CARRION,SAN PEDRO DE PILLAO,2.94
1165,PASCO,DANIEL ALCIDES CARRION,SANTA ANA DE TUSI,20.59
1166,PASCO,DANIEL ALCIDES CARRION,TAPUC,14.71
1167,PASCO,DANIEL ALCIDES CARRION,VILCABAMBA,2.94
1168,PASCO,DANIEL ALCIDES CARRION,YANAHUANCA,38.24
1169,PASCO,OXAPAMPA,CHONTABAMBA,8.45
1170,PASCO,OXAPAMPA,CIUDAD CONSTITUCION,7.04
1171,PASCO,OXAPAMPA,CONSTITUCION,7.04
1172,PASCO,OXAPAMPA,HUANCABAMBA,1.41
1173,PASCO,OXAPAMPA,OXAPAMPA,15.49
1174,PASCO,OXAPAMPA,PALCAZU,4.23
1175,PASCO,OXAPAMPA,POZUZO,1.41
1176,PASCO,OXAPAMPA,PUERTO BERMUDEZ,15.49
1177,PASCO,OXAPAMPA,VILLA RICA,39.44
1178,PASCO,PASCO,CHAUPIMARCA,27.01
1179,PASCO,PASCO,HUACHON,2.19
1180,PASCO,PASCO,HUARIACA,10.95
1181,PASCO,PASCO,HUAYLLAY,5.84
1182,PASCO,PASCO,NINACACA,2.19
1183,PASCO,PASCO,OXAPAMPA,0.73
1184,PASCO,PASCO,PALLANCHACRA,0.73
1185,PASCO,PASCO,PAUCARTAMBO,10.95
1186,PASCO,PASCO,SAN FCO DE ASIS DE YARUSYACAN,1.46
1187,PASCO,PASCO,SIMON BOLIVAR,5.84
1188,PASCO,PASCO,TICLACAYAN,1.46
1189,PASCO,PASCO,TINYAHUARCO,5.84
1190,PASCO,PASCO,VICCO,6.57
1191,PASCO,PASCO,YANACANCHA,18.25
1192,PIURA,AYABACA,AYABACA,27.78
1193,PIURA,AYABACA,FRIAS,11.11
1194,PIURA,AYABACA,JILILI,5.56
1195,PIURA,AYABACA,MONTERO,5.56
1196,PIURA,AYABACA,PACAIPAMPA,11.11
1197,PIURA,AYABACA,PAIMAS,14.81
1198,PIURA,AYABACA,SAPILLICA,11.11
1199,PIURA,AYABACA,SICCHEZ,1.85
1200,PIURA,AYABACA,SUYO,11.11
1201,PIURA,HUANCABAMBA,CANCHAQUE,13.89
1202,PIURA,HUANCABAMBA,HUANCABAMBA,41.67
1203,PIURA,HUANCABAMBA,HUARMACA,13.89
1204,PIURA,HUANCABAMBA,LALAQUIZ,8.33
1205,PIURA,HUANCABAMBA,SAN MIGUEL DE EL FAIQUE,11.11
1206,PIURA,HUANCABAMBA,SONDORILLO,11.11
1207,PIURA,MORROPON,BUENOS AIRES,1.88
1208,PIURA,MORROPON,CHALACO,0.75
1209,PIURA,MORROPON,CHULUCANAS,84.59
1210,PIURA,MORROPON,LA MATANZA,2.26
1211,PIURA,MORROPON,MORROPON,4.89
1212,PIURA,MORROPON,SALITRAL,0.75
1213,PIURA,MORROPON,SALITRAL (DIRESA PIURA),0.38
1214,PIURA,MORROPON,SAN JUAN DE BIGOTE,3.01
1215,PIURA,MORROPON,SANTO DOMINGO,0.75
1216,PIURA,MORROPON,YAMANGO,0.75
1217,PIURA,PAITA,AMOTAPE,2.77
1218,PIURA,PAITA,COLAN,9.69
1219,PIURA,PAITA,LA HUACA,7.27
1220,PIURA,PAITA,PAITA,74.05
1221,PIURA,PAITA,TAMARINDO,2.42
1222,PIURA,PAITA,VICHAYAL,3.81
1223,PIURA,PIURA,CASTILLA,23.78
1224,PIURA,PIURA,CATACAOS,8.02
1225,PIURA,PIURA,CURA MORI,1.27
1226,PIURA,PIURA,EL TALLAN,0.49
1227,PIURA,PIURA,LA ARENA,3.13
1228,PIURA,PIURA,LA UNION,3.52
1229,PIURA,PIURA,LAS LOMAS,2.45
1230,PIURA,PIURA,PIURA,31.7
1231,PIURA,PIURA,TAMBO GRANDE,6.65
1232,PIURA,PIURA,VEINTISEIS DE OCTUBRE,8.32
1233,PIURA,PIURA,VEINTISÉIS DE OCTUBRE,10.67
1234,PIURA,SECHURA,BELLAVISTA DE LA UNION,8.33
1235,PIURA,SECHURA,BERNAL,13.1
1236,PIURA,SECHURA,CRISTO NOS VALGA,1.19
1237,PIURA,SECHURA,RINCONADA LLICUAR,1.19
1238,PIURA,SECHURA,RINCONADA-LLICUAR,2.38
1239,PIURA,SECHURA,SECHURA,57.14
1240,PIURA,SECHURA,VICE,16.67
1241,PIURA,SULLANA,BELLAVISTA,16.8
1242,PIURA,SULLANA,IGNACIO ESCUDERO,4.4
1243,PIURA,SULLANA,LANCONES,1.2
1244,PIURA,SULLANA,MARCAVELICA,6.0
1245,PIURA,SULLANA,MIGUEL CHECA,2.4
1246,PIURA,SULLANA,QUERECOTILLO,7.2
1247,PIURA,SULLANA,SALITRAL,1.8
1248,PIURA,SULLANA,SALITRAL (LUCIANO CASTILLO),0.2
1249,PIURA,SULLANA,SULLANA,60.0
1250,PIURA,TALARA,EL ALTO,7.47
1251,PIURA,TALARA,LA BREA,8.62
1252,PIURA,TALARA,LOBITOS,0.57
1253,PIURA,TALARA,LOS ORGANOS,8.05
1254,PIURA,TALARA,MANCORA,10.92
1255,PIURA,TALARA,PARIÑAS,64.37
1256,PUNO,AZANGARO,ARAPA,6.25
1257,PUNO,AZANGARO,ASILLO,15.62
1258,PUNO,AZANGARO,AZ-NGARO,12.5
1259,PUNO,AZANGARO,AZANGARO,31.25
1260,PUNO,AZANGARO,CAMINACA,3.12
1261,PUNO,AZANGARO,CHUPA,6.25
1262,PUNO,AZANGARO,MUÑANI,3.12
1263,PUNO,AZANGARO,POTONI,3.12
1264,PUNO,AZANGARO,SAMAN,9.38
1265,PUNO,AZANGARO,SAN ANTON,3.12
1266,PUNO,AZANGARO,TIRAPATA,6.25
1267,PUNO,CARABAYA,AJOYANI,6.25
1268,PUNO,CARABAYA,AYAPATA,12.5
1269,PUNO,CARABAYA,CORANI,12.5
1270,PUNO,CARABAYA,CRUCERO,6.25
1271,PUNO,CARABAYA,ITUATA,6.25
1272,PUNO,CARABAYA,MACUSANI,37.5
1273,PUNO,CARABAYA,OLLACHEA,6.25
1274,PUNO,CARABAYA,SAN GABAN,12.5
1275,PUNO,CHUCUITO,DESAGUADERO,38.46
1276,PUNO,CHUCUITO,HUACULLANI,7.69
1277,PUNO,CHUCUITO,JULI,30.77
1278,PUNO,CHUCUITO,POMATA,23.08
1279,PUNO,EL COLLAO,CAPASO,4.76
1280,PUNO,EL COLLAO,CAPAZO,4.76
1281,PUNO,EL COLLAO,ILAVE,71.43
1282,PUNO,EL COLLAO,PILCUYO,19.05
1283,PUNO,HUANCANE,COJATA,2.33
1284,PUNO,HUANCANE,HUANCAN+,9.3
1285,PUNO,HUANCANE,HUANCANE,48.84
1286,PUNO,HUANCANE,INCHUPALLA,6.98
1287,PUNO,HUANCANE,PUSI,4.65
1288,PUNO,HUANCANE,ROSASPATA,6.98
1289,PUNO,HUANCANE,TARACO,6.98
1290,PUNO,HUANCANE,VILQUE CHICO,13.95
1291,PUNO,LAMPA,CABANILLA,20.0
1292,PUNO,LAMPA,LAMPA,20.0
1293,PUNO,LAMPA,NICASIO,6.67
1294,PUNO,LAMPA,OCUVIRI,13.33
1295,PUNO,LAMPA,PUCARA,6.67
1296,PUNO,LAMPA,SANTA LUCIA,33.33
1297,PUNO,MELGAR,AYAVIRI,63.64
1298,PUNO,MELGAR,MACARI,9.09
1299,PUNO,MELGAR,NUÑOA,18.18
1300,PUNO,MELGAR,ORURILLO,9.09
1301,PUNO,MOHO,CONIMA,25.0
1302,PUNO,MOHO,MOHO,62.5
1303,PUNO,MOHO,TILALI,12.5
1304,PUNO,PUNO,ACORA,3.16
1305,PUNO,PUNO,ATUNCOLLA,0.53
1306,PUNO,PUNO,CAPACHICA,1.58
1307,PUNO,PUNO,CHUCUITO,1.58
1308,PUNO,PUNO,COATA,2.11
1309,PUNO,PUNO,MAÑAZO,0.53
1310,PUNO,PUNO,PAUCARCOLLA,1.58
1311,PUNO,PUNO,PICHACANI,1.58
1312,PUNO,PUNO,PLATERIA,0.53
1313,PUNO,PUNO,PUNO,84.74
1314,PUNO,PUNO,SAN ANTONIO,1.05
1315,PUNO,PUNO,VILQUE,1.05
1316,PUNO,SAN ANTONIO DE PUTINA,ANANEA,30.0
1317,PUNO,SAN ANTONIO DE PUTINA,PEDRO VILCA APAZA,10.0
1318,PUNO,SAN ANTONIO DE PUTINA,PUTINA,60.0
1319,PUNO,SAN ROMAN,CABANA,0.94
1320,PUNO,SAN ROMAN,CABANILLAS,2.35
1321,PUNO,SAN ROMAN,CARACOTO,1.88
1322,PUNO,SAN ROMAN,JULIACA,91.55
1323,PUNO,SAN ROMAN,SAN MIGUEL,3.29
1324,PUNO,SANDIA,ALTO INAMBARI,11.11
1325,PUNO,SANDIA,CUYOCUYO,5.56
1326,PUNO,SANDIA,PATAMBUCO,5.56
1327,PUNO,SANDIA,SAN JUAN DEL ORO,38.89
1328,PUNO,SANDIA,SAN PEDRO DE PUTINA PUNCO,5.56
1329,PUNO,SANDIA,SANDIA,27.78
1330,PUNO,SANDIA,YANAHUAYA,5.56
1331,PUNO,YUNGUYO,COPANI,6.9
1332,PUNO,YUNGUYO,TINICACHI,3.45
1333,PUNO,YUNGUYO,UNICACHI,10.34
1334,PUNO,YUNGUYO,YUNGUYO,79.31
1335,SAN MARTIN,BELLAVISTA,ALTO BIAVO,2.56
1336,SAN MARTIN,BELLAVISTA,BAJO BIAVO,12.82
1337,SAN MARTIN,BELLAVISTA,BELLAVISTA,71.79
1338,SAN MARTIN,BELLAVISTA,SAN PABLO,2.56
1339,SAN MARTIN,BELLAVISTA,SAN RAFAEL,10.26
1340,SAN MARTIN,EL DORADO,SAN JOSE DE SISA,75.0
1341,SAN MARTIN,EL DORADO,SAN MARTIN,8.33
1342,SAN MARTIN,EL DORADO,SANTA ROSA,8.33
1343,SAN MARTIN,EL DORADO,SHATOJA,8.33
1344,SAN MARTIN,HUALLAGA,ALTO SAPOSOA,5.26
1345,SAN MARTIN,HUALLAGA,EL ESLABON,5.26
1346,SAN MARTIN,HUALLAGA,PISCOYACU,5.26
1347,SAN MARTIN,HUALLAGA,SACANCHE,15.79
1348,SAN MARTIN,HUALLAGA,SAPOSOA,63.16
1349,SAN MARTIN,HUALLAGA,TINGO DE SAPOSOA,5.26
1350,SAN MARTIN,LAMAS,ALONSO DE ALVARADO,3.28
1351,SAN MARTIN,LAMAS,BARRANQUITA,4.92
1352,SAN MARTIN,LAMAS,CAYNARACHI,11.48
1353,SAN MARTIN,LAMAS,CUÑUMBUQUI,6.56
1354,SAN MARTIN,LAMAS,LAMAS,45.9
1355,SAN MARTIN,LAMAS,PINTO RECODO,9.84
1356,SAN MARTIN,LAMAS,RUMISAPA,1.64
1357,SAN MARTIN,LAMAS,SAN ROQUE DE CUMBAZA,1.64
1358,SAN MARTIN,LAMAS,TABALOSOS,14.75
1359,SAN MARTIN,MARISCAL CACERES,CAMPANILLA,3.23
1360,SAN MARTIN,MARISCAL CACERES,HUICUNGO,4.03
1361,SAN MARTIN,MARISCAL CACERES,JUANJUI,84.68
1362,SAN MARTIN,MARISCAL CACERES,PACHIZA,4.03
1363,SAN MARTIN,MARISCAL CACERES,PAJARILLO,4.03
1364,SAN MARTIN,MOYOBAMBA,CALZADA,2.25
1365,SAN MARTIN,MOYOBAMBA,JEPELACIO,1.12
1366,SAN MARTIN,MOYOBAMBA,MOYOBAMBA,89.89
1367,SAN MARTIN,MOYOBAMBA,SORITOR,5.62
1368,SAN MARTIN,MOYOBAMBA,YANTALO,1.12
1369,SAN MARTIN,PICOTA,BUENOS AIRES,5.88
1370,SAN MARTIN,PICOTA,PICOTA,67.65
1371,SAN MARTIN,PICOTA,PILLUANA,2.94
1372,SAN MARTIN,PICOTA,PUCACACA,8.82
1373,SAN MARTIN,PICOTA,SAN HILARION,8.82
1374,SAN MARTIN,PICOTA,TRES UNIDOS,5.88
1375,SAN MARTIN,RIOJA,AWAJUN,6.25
1376,SAN MARTIN,RIOJA,ELIAS SOPLIN VARGAS,6.25
1377,SAN MARTIN,RIOJA,NUEVA CAJAMARCA,31.25
1378,SAN MARTIN,RIOJA,PARDO MIGUEL,8.75
1379,SAN MARTIN,RIOJA,POSIC,3.75
1380,SAN MARTIN,RIOJA,RIOJA,37.5
1381,SAN MARTIN,RIOJA,SAN FERNANDO,1.25
1382,SAN MARTIN,RIOJA,YURACYACU,5.0
1383,SAN MARTIN,SAN MARTIN,CACATACHI,1.64
1384,SAN MARTIN,SAN MARTIN,CHAZUTA,2.47
1385,SAN MARTIN,SAN MARTIN,CHIPURANA,0.55
1386,SAN MARTIN,SAN MARTIN,EL PORVENIR,0.55
1387,SAN MARTIN,SAN MARTIN,HUIMBAYOC,0.55
1388,SAN MARTIN,SAN MARTIN,JUAN GUERRA,0.27
1389,SAN MARTIN,SAN MARTIN,LA BANDA DE SHILCAYO,16.99
1390,SAN MARTIN,SAN MARTIN,MORALES,11.51
1391,SAN MARTIN,SAN MARTIN,PAPAPLAYA,0.27
1392,SAN MARTIN,SAN MARTIN,SAN ANTONIO,0.27
1393,SAN MARTIN,SAN MARTIN,SAUCE,0.27
1394,SAN MARTIN,SAN MARTIN,SHAPAJA,0.27
1395,SAN MARTIN,SAN MARTIN,TARAPOTO,64.38
1396,SAN MARTIN,TOCACHE,NUEVO PROGRESO,14.0
1397,SAN MARTIN,TOCACHE,POLVORA,2.0
1398,SAN MARTIN,TOCACHE,SHUNTE,2.0
1399,SAN MARTIN,TOCACHE,TOCACHE,62.0
1400,SAN MARTIN,TOCACHE,UCHIZA,20.0
1401,TACNA,CANDARAVE,CAIRANI,25.0
1402,TACNA,CANDARAVE,CANDARAVE,50.0
1403,TACNA,CANDARAVE,CURIBAYA,12.5
1404,TACNA,CANDARAVE,QUILAHUANI,12.5
1405,TACNA,JORGE BASADRE,ILABAYA,60.0
1406,TACNA,JORGE BASADRE,ITE,40.0
1407,TACNA,TACNA,ALTO DE LA ALIANZA,15.41
1408,TACNA,TACNA,CALANA,0.53
1409,TACNA,TACNA,CIUDAD NUEVA,9.46
1410,TACNA,TACNA,CORONEL GREGORIO ALBARRACIN L.,1.75
1411,TACNA,TACNA,CORONEL GREGORIO ALBARRACIN LA,11.91
1412,TACNA,TACNA,CORONEL GREGORIO ALBARRACIN LANCHIPA,4.2
1413,TACNA,TACNA,INCLAN,0.18
1414,TACNA,TACNA,LA YARADA LOS PALOS,1.58
1415,TACNA,TACNA,PACHIA,0.7
1416,TACNA,TACNA,PALCA,0.35
1417,TACNA,TACNA,POCOLLAY,5.78
1418,TACNA,TACNA,TACNA,48.16
1419,TACNA,TARATA,ESTIQUE,14.29
1420,TACNA,TARATA,HEROES ALBARRACIN,14.29
1421,TACNA,TARATA,TARATA,71.43
1422,TUMBES,CONTRALMIRANTE VILLAR,CANOAS DE PUNTA SAL,28.57
1423,TUMBES,CONTRALMIRANTE VILLAR,CASITAS,11.9
1424,TUMBES,CONTRALMIRANTE VILLAR,ZORRITOS,59.52
1425,TUMBES,TUMBES,CORRALES,14.91
1426,TUMBES,TUMBES,LA CRUZ,4.35
1427,TUMBES,TUMBES,PAMPAS DE HOSPITAL,1.86
1428,TUMBES,TUMBES,SAN JACINTO,3.42
1429,TUMBES,TUMBES,SAN JUAN DE LA VIRGEN,1.86
1430,TUMBES,TUMBES,TUMBES,73.6
1431,TUMBES,ZARUMILLA,AGUAS VERDES,37.66
1432,TUMBES,ZARUMILLA,MATAPALO,1.3
1433,TUMBES,ZARUMILLA,PAPAYAL,5.19
1434,TUMBES,ZARUMILLA,ZARUMILLA,55.84
1435,UCAYALI,ATALAYA,RAIMONDI,20.0
1436,UCAYALI,ATALAYA,RAYMONDI,30.0
1437,UCAYALI,ATALAYA,SEPAHUA,20.0
1438,UCAYALI,ATALAYA,TAHUANIA,30.0
1439,UCAYALI,CORONEL PORTILLO,CALLERIA,60.65
1440,UCAYALI,CORONEL PORTILLO,CAMPOVERDE,0.93
1441,UCAYALI,CORONEL PORTILLO,MANANTAY,14.81
1442,UCAYALI,CORONEL PORTILLO,MASISEA,0.93
1443,UCAYALI,CORONEL PORTILLO,NUEVA REQUENA,1.16
1444,UCAYALI,CORONEL PORTILLO,YARINACOCHA,21.53
1445,UCAYALI,PADRE ABAD,CURIMANA,3.64
1446,UCAYALI,PADRE ABAD,IRAZOLA,10.91
1447,UCAYALI,PADRE ABAD,NESHUYA,12.73
1448,UCAYALI,PADRE ABAD,PADRE ABAD,72.73
